seq,ip,start,finish,browser,os,status,Q1,Q2,Q3,Q4,Q5,Q6,Q7,Q8,Q10,Q11,Q12_A1,Q13_A1,Q14_A1,Q15_A1,Q17_A1,Q18_A1,Q19_A1,Q20_A1,Q21_A1,Q22_A1,Q23_A1,Q24_A1,Q25_A1,Q26_A1,Q27_A1,Q28_A1,Q29_A1,Q30_A1,Q31_A1,Q32_A1,Q33_A1,Q34_A1,Q35_A1,Q36_A1,Q37_A1,Q38_A1,Q39_A1,Q40_A1,Q41_A1,Q42_A1,Q43_A1,Q44_A1,Q45_A1,Q47_A1,Q48_A1,Q49_A1,Q50,Q51,Q52_A1,Q53_A1,Q54_A1
23,59.61.22.110,7/1/2017 19:03,7/1/2017 19:07,Chrome 58.0.3029.110,MacOS Macintosh X 10.12.4,1,2,2,3,3,2,1,6,2,6,5,3,3,3,3,1,1,1,1,1,1,2,1,2,1,1,1,1,1,1,1,2,4,1,3,1,1,1,1,1,1,1,1,2,4,1,1,2,2,1,1,1
24,217.105.109.130,7/1/2017 19:26,7/1/2017 19:32,Unknown Browser,iPhone iOS 10.3.2,1,2,2,3,7,1,3,4,2,3,3,3,4,4,3,1,2,3,1,1,1,2,1,1,1,1,1,1,1,1,1,1,1,1,1,1,1,1,1,1,3,1,1,3,1,5,3,1,2,2,2,3
25,112.5.203.62,7/1/2017 19:41,7/1/2017 19:44,Chrome 53.0.2785.49,Android Linux 7.0,1,2,2,3,7,2,2,6,2,10,10,5,5,5,5,3,3,2,2,1,1,2,2,2,2,1,2,2,2,1,1,2,2,4,4,3,3,2,5,4,2,1,1,2,2,2,2,2,2,2,2,2
26,223.104.6.33,7/1/2017 19:45,7/1/2017 19:50,Unknown Browser,iPhone iOS 10.3.1,1,2,2,3,3,2,1,6,2,6,4,3,4,1,4,1,2,1,1,4,1,5,3,1,2,1,1,1,1,1,1,3,5,3,3,4,3,1,1,2,4,1,1,3,3,1,1,2,2,1,1,1
27,211.97.129.188,7/1/2017 19:51,7/1/2017 19:58,Unknown Browser,iPhone iOS 10.1.1,1,2,2,2,7,2,1,6,2,5,4,3,3,2,3,1,2,2,2,1,1,4,1,1,1,1,3,4,2,1,1,4,4,3,3,4,2,1,1,3,4,1,2,5,5,3,2,2,2,1,3,3
28,223.33.164.225,7/1/2017 19:52,7/1/2017 20:00,Unknown Browser,iPhone iOS 10.2.1,1,2,2,2,8,1,5,2,1,10,10,1,1,1,1,1,1,1,1,1,1,1,1,1,1,1,1,1,1,1,1,1,1,3,2,1,2,2,1,1,1,1,1,1,1,1,1,1,2,1,1,1
29,222.186.51.10,7/1/2017 19:51,7/1/2017 20:01,Unknown Browser,iPhone iOS 10.3.2,1,2,2,4,8,2,6,7,2,10,10,3,3,3,3,2,3,2,1,1,2,4,2,4,3,2,2,3,2,2,3,4,2,4,5,2,3,3,2,3,3,3,4,3,3,4,4,1,2,3,3,3
30,221.177.253.30,7/1/2017 19:53,7/1/2017 20:01,Unknown Browser,iPhone iOS 10.0.2,1,2,1,3,8,2,4,6,2,4,4,3,3,3,3,1,1,1,1,1,2,2,1,1,1,1,1,1,1,1,1,1,2,2,4,1,2,2,1,1,1,1,2,1,4,3,3,2,2,5,2,3
31,115.223.136.209,7/1/2017 20:01,7/1/2017 20:07,Unknown Browser,iPhone iOS 10.3.2,1,2,1,3,3,2,2,3,2,6,4,5,4,5,5,2,1,4,2,1,3,1,1,2,2,1,1,1,1,1,1,3,5,1,1,1,1,1,1,1,2,1,1,1,5,2,1,2,2,2,3,1
32,140.207.23.142,7/1/2017 19:52,7/1/2017 20:08,Unknown Browser,iPhone iOS 10.3.2,1,2,2,2,8,2,3,7,2,10,10,2,4,2,5,3,3,3,3,2,1,3,2,2,3,1,4,4,1,1,3,3,4,4,4,2,3,2,2,1,3,1,3,3,3,3,3,2,2,3,3,1
33,192.214.227.208,7/1/2017 20:05,7/1/2017 20:11,Chrome 59.0.3071.125,Android Linux 7.0,1,2,2,4,2,1,6,4,1,5,3,4,4,2,4,1,1,3,1,1,1,2,1,1,1,1,1,1,1,1,1,2,3,3,3,2,1,1,1,1,1,1,1,4,5,3,3,2,2,4,1,1
34,210.142.92.8,7/1/2017 20:00,7/1/2017 20:11,Unknown Browser,iPhone iOS 10.3.2,1,2,1,2,8,1,2,6,2,10,10,2,3,4,4,3,2,3,1,1,2,3,3,3,1,1,1,4,1,1,1,3,5,3,4,2,2,1,2,1,4,3,2,3,3,1,1,2,2,4,1,1
35,112.17.246.209,7/1/2017 20:23,7/1/2017 20:27,Unknown Browser,iPhone iOS 10.3.2,1,2,2,4,3,2,2,3,2,5,3,3,3,3,3,2,1,1,1,1,1,3,3,2,1,1,2,1,1,1,1,2,3,4,5,2,3,1,3,1,3,1,1,2,3,2,2,2,2,3,2,2
36,111.89.147.210,7/1/2017 20:27,7/1/2017 20:28,Unknown Browser,iPhone iOS 10.3.2,1,1,2,2,8,1,2,2,2,10,10,3,4,5,4,3,4,1,2,1,1,1,1,5,2,1,4,4,1,1,1,5,2,3,2,1,2,1,1,1,1,2,3,2,3,1,1,2,2,3,1,1
37,117.88.103.153,7/1/2017 20:26,7/1/2017 20:29,Unknown Browser,iPhone iOS 10.3.2,1,2,2,4,3,2,1,6,2,7,6,5,5,3,4,3,3,1,1,1,2,3,1,2,2,1,3,3,1,1,1,2,1,1,1,1,1,1,1,1,3,1,3,3,3,5,3,2,2,1,1,3
38,183.251.102.19,7/1/2017 20:25,7/1/2017 20:29,Chrome 51.0.2704.81,Android Linux 6.0.1,1,2,2,4,4,1,2,3,1,5,3,4,3,4,4,3,3,4,3,1,2,2,3,3,2,1,1,2,1,1,1,3,3,4,4,3,3,1,4,1,5,2,4,3,3,2,1,2,2,1,2,2
39,123.151.185.213,7/1/2017 20:25,7/1/2017 20:30,Unknown Browser,iPhone iOS 10.3.2,1,2,2,2,7,2,2,2,2,10,10,3,4,3,4,3,4,3,2,2,2,3,2,3,3,2,2,2,4,1,1,5,3,5,5,2,3,1,3,2,1,2,3,2,4,4,3,2,2,3,3,2
40,42.80.198.145,7/1/2017 20:28,7/1/2017 20:34,Unknown Browser,iPhone iOS 10.3.2,1,2,2,3,10,2,2,6,2,4,4,3,3,3,2,1,1,2,1,1,1,5,5,3,1,1,1,2,1,1,1,2,3,5,5,4,4,3,3,2,3,2,3,3,2,2,2,2,2,1,1,1
41,116.226.86.133,7/1/2017 20:27,7/1/2017 20:37,Chrome 39.0.2171.95,Windows Wechat QBCore/3.43.493.400 QQBrowser/9.0.2524.400,1,2,1,3,1,1,4,1,2,5,5,4,4,4,3,4,3,3,2,2,2,4,3,3,2,4,1,4,1,1,3,4,5,3,4,2,1,1,2,2,2,3,2,5,5,5,3,2,2,3,3,4
42,59.60.37.90,7/1/2017 20:35,7/1/2017 20:38,Chrome 53.0.2785.49,Android Linux 5.1,1,2,1,3,10,2,2,3,1,4,4,5,4,5,4,1,1,4,1,1,1,3,1,3,1,1,1,3,1,1,1,3,2,2,3,1,3,1,1,1,1,1,2,1,4,5,3,2,2,1,1,1
43,58.208.35.59,7/1/2017 20:34,7/1/2017 20:46,Unknown Browser,iPhone iOS 10.3.1,1,2,1,5,3,2,2,3,2,5,2,4,4,3,3,3,3,2,5,1,1,3,1,1,1,1,3,3,1,1,1,1,1,2,2,1,1,1,1,1,1,1,3,2,4,3,3,2,2,1,5,3
44,117.89.244.255,7/1/2017 20:45,7/1/2017 20:52,Unknown Browser,iPhone iOS 10.2,1,2,2,3,3,2,2,6,2,7,6,4,4,4,4,1,1,1,1,1,1,2,1,1,1,1,1,2,1,1,1,2,2,2,3,2,2,1,1,1,2,1,1,2,3,5,5,2,2,4,2,5
45,119.103.129.122,7/1/2017 20:46,7/1/2017 20:53,Unknown Browser,iPhone iOS 10.1.1,1,2,2,2,3,2,6,3,2,4,3,4,4,4,4,3,2,3,3,1,1,2,1,3,1,1,2,1,2,1,1,2,1,1,2,1,2,1,3,1,1,1,3,1,5,3,2,2,2,3,2,2
46,74.65.197.157,7/1/2017 20:47,7/1/2017 20:53,Unknown Browser,iPhone iOS 10.3.2,1,2,2,3,1,1,2,7,2,6,5,5,4,5,4,3,2,4,1,1,1,1,3,2,1,1,1,1,1,1,1,3,3,3,5,4,2,1,3,1,5,4,3,5,2,5,3,2,2,3,1,1
47,223.104.213.61,7/1/2017 20:53,7/1/2017 20:57,Unknown Browser,iPhone iOS 10.2.1,1,2,2,3,3,2,2,3,1,5,4,4,4,5,5,3,2,3,3,1,1,2,4,4,4,2,3,2,2,1,1,2,2,5,5,5,4,1,4,2,5,3,3,5,5,3,3,2,2,1,3,2
48,171.8.199.202,7/1/2017 21:01,7/1/2017 21:05,Unknown Browser,iPhone iOS 10.3.2,1,2,2,3,8,2,2,6,2,6,5,3,3,5,4,4,1,3,2,1,2,3,2,2,2,1,5,5,1,1,1,1,1,3,5,1,1,1,1,1,2,2,2,3,4,5,5,1,2,3,5,5
49,125.63.28.165,7/1/2017 20:59,7/1/2017 21:06,Unknown Browser,iPhone iOS 10.3.2,1,2,2,3,4,1,1,1,2,6,3,1,3,5,4,5,5,5,3,1,3,5,1,5,5,5,3,5,1,1,5,5,5,1,4,1,4,5,4,5,5,4,3,5,2,1,1,2,2,4,1,1
50,36.248.245.77,7/1/2017 21:03,7/1/2017 21:08,Unknown Browser,iPhone iOS 10.2.1,1,2,2,4,3,2,2,3,1,5,4,4,4,4,3,3,2,2,2,2,1,2,1,2,1,1,1,1,1,1,1,3,2,2,2,1,1,1,1,1,3,1,2,2,4,3,2,2,2,3,2,1
51,171.8.199.202,7/1/2017 21:06,7/1/2017 21:10,Unknown Browser,iPhone iOS 10.3.2,1,2,2,3,8,2,2,4,2,10,5,4,4,5,4,3,2,1,2,1,1,2,1,4,3,2,5,3,1,1,1,1,3,2,3,1,1,1,1,1,1,2,3,2,4,5,4,2,2,3,5,4
52,140.243.192.215,7/1/2017 21:08,7/1/2017 21:12,Unknown Browser,iPhone iOS 10.3.2,1,2,2,1,8,2,2,6,2,3,3,4,5,5,5,4,3,3,3,1,2,1,3,5,3,1,5,5,1,1,5,3,3,5,5,1,3,1,1,1,5,3,3,3,3,5,5,2,2,3,1,1
53,116.232.88.168,7/1/2017 21:11,7/1/2017 21:13,Unknown Browser,iPhone iOS 10.2.1,1,2,2,2,3,2,1,4,2,5,5,4,3,4,4,2,3,4,3,5,4,3,3,3,3,3,4,4,4,3,4,2,3,1,4,4,3,4,3,3,4,4,3,4,4,3,4,2,2,3,4,4
54,211.97.130.233,7/1/2017 21:11,7/1/2017 21:14,Chrome 53.0.2785.49,Android Linux 7.0,1,2,2,2,8,2,2,6,2,10,10,3,3,3,3,4,2,2,2,1,1,1,1,1,1,1,4,4,1,1,1,1,1,1,2,1,1,1,1,1,4,4,4,1,2,2,1,2,2,1,4,2
55,112.65.190.216,7/1/2017 21:14,7/1/2017 21:21,Chrome 53.0.2785.49,Android Linux 6.0.1,1,2,1,2,7,2,2,6,2,10,10,5,4,5,5,2,3,3,2,1,1,3,1,4,2,1,4,1,4,1,3,3,1,4,4,3,4,1,3,3,4,1,2,4,2,1,3,1,2,3,1,5
56,222.65.151.100,7/1/2017 21:19,7/1/2017 21:24,Unknown Browser,iPhone iOS 10.3.2,1,1,2,5,3,2,3,3,2,5,4,3,4,3,3,1,1,1,1,1,1,3,3,1,1,1,1,1,1,1,1,1,3,2,3,1,2,1,2,1,3,1,1,1,3,1,1,2,1,2,4,1
57,117.91.20.206,7/1/2017 21:22,7/1/2017 21:24,Unknown Browser,iPhone iOS 10.3.2,1,2,2,3,1,1,2,4,1,10,3,4,4,5,4,3,2,2,2,1,3,3,2,4,3,1,1,1,1,1,1,1,1,4,4,3,3,3,4,4,2,2,2,4,3,5,4,2,2,2,2,2
58,223.104.212.138,7/1/2017 21:21,7/1/2017 21:26,Unknown Browser,iPhone iOS 10.3.2,1,2,2,3,2,2,1,4,2,5,6,4,3,3,3,2,2,4,1,2,2,4,2,3,3,3,1,1,1,1,4,4,3,4,5,2,3,2,1,4,5,2,3,5,2,5,5,2,2,3,1,1
59,183.13.121.241,7/1/2017 21:23,7/1/2017 21:28,Chrome 53.0.2785.49,Android Linux 7.0,1,1,1,4,8,2,2,6,2,10,10,3,2,3,2,4,3,3,3,1,1,2,4,4,2,1,2,2,1,1,1,2,2,2,3,3,2,1,1,1,1,1,3,2,3,3,1,2,2,3,2,2
60,39.182.84.141,7/1/2017 21:26,7/1/2017 21:31,Unknown Browser,iPhone iOS 10.3.2,1,2,2,3,1,1,2,1,1,4,3,2,3,3,3,3,2,3,2,1,1,3,3,3,2,1,1,1,1,1,1,1,1,5,4,3,4,2,4,3,3,2,2,2,3,2,2,2,2,3,1,1
61,59.172.58.90,7/1/2017 21:33,7/1/2017 21:40,Unknown Browser,iPhone iOS 10.1.1,1,2,2,4,3,2,3,2,1,7,8,5,4,4,4,2,2,4,2,1,1,3,1,2,1,1,1,1,1,1,1,3,2,3,3,1,2,1,1,1,2,1,2,3,4,5,5,1,2,5,3,3
62,203.220.201.55,7/1/2017 21:35,7/1/2017 21:41,Unknown Browser,iPhone iOS 10.3.2,1,2,1,3,4,1,3,3,2,4,3,3,3,4,2,3,1,3,1,1,1,1,5,1,2,1,1,1,1,1,1,1,1,2,2,1,2,1,3,1,1,1,1,3,4,3,3,2,1,4,1,1
63,113.16.57.27,7/1/2017 21:07,7/1/2017 21:43,Unknown Browser,iPhone iOS 10.3.2,1,2,2,4,4,1,4,3,2,4,2,3,3,1,3,4,4,5,5,1,3,5,5,5,5,3,3,3,3,1,4,5,5,5,5,5,5,2,5,5,5,2,3,5,3,1,1,2,2,2,2,1
64,182.129.141.123,7/1/2017 21:39,7/1/2017 21:45,Chrome 53.0.2785.49,Android Linux 7.0,1,1,2,3,1,2,5,3,2,5,5,4,4,5,4,3,2,3,2,2,2,3,2,3,3,2,2,1,3,1,1,2,2,5,4,2,2,2,3,3,2,2,2,3,4,5,5,2,1,3,3,4
65,58.23.9.66,7/1/2017 21:39,7/1/2017 21:46,Unknown Browser,iPhone iOS 9.2.1,1,2,2,3,7,2,4,6,2,10,10,3,3,2,3,1,1,1,1,1,1,3,1,1,1,1,1,1,1,1,1,1,1,3,3,1,2,1,1,1,1,1,3,1,3,3,3,2,2,1,2,1
66,14.100.142.71,7/1/2017 21:41,7/1/2017 21:48,Unknown Browser,iPhone iOS 9.2,1,2,2,4,8,1,2,2,1,4,3,4,4,4,3,1,1,4,2,1,1,3,1,1,1,1,1,3,1,1,1,2,1,4,4,2,2,2,1,1,1,2,4,3,4,4,3,2,1,1,1,1
67,223.104.3.174,7/1/2017 21:45,7/1/2017 21:50,Unknown Browser,iPhone iOS 10.3.2,1,1,2,2,3,2,2,2,2,5,5,4,4,4,4,2,1,4,1,1,1,1,1,2,1,1,1,1,1,1,1,3,1,2,2,1,1,1,1,1,3,1,1,1,4,4,3,2,2,3,4,3
68,59.63.249.53,7/1/2017 21:56,7/1/2017 22:01,Unknown Browser,iPhone iOS 10.2,1,2,2,4,1,2,4,3,1,4,3,4,4,4,3,3,2,4,3,2,2,2,1,2,2,2,1,1,1,1,1,1,2,3,3,2,3,2,3,1,1,1,5,4,5,3,3,2,2,4,5,3
69,223.104.3.195,7/1/2017 21:57,7/1/2017 22:02,Unknown Browser,iPhone iOS 10.3.1,1,2,2,4,3,2,1,6,1,6,5,3,2,5,3,3,3,2,2,1,3,4,1,2,3,2,1,1,1,1,3,2,4,3,3,1,3,1,3,2,1,1,1,1,4,3,2,2,2,3,1,3
70,59.61.18.163,7/1/2017 21:59,7/1/2017 22:04,Unknown Browser,iPhone iOS 10.3.2,1,2,2,4,1,1,2,4,1,5,7,3,3,5,3,1,2,3,1,2,2,3,5,1,2,2,1,2,1,1,3,2,3,3,4,2,2,1,3,1,4,1,2,2,2,5,5,2,2,3,2,3
71,123.123.183.213,7/1/2017 22:01,7/1/2017 22:05,Unknown Browser,iPhone iOS 10.3.1,1,1,1,4,8,2,2,6,1,2,1,3,3,3,3,2,2,2,2,1,1,2,2,2,2,2,1,2,1,1,1,2,2,2,2,1,2,1,1,1,1,1,2,3,4,3,2,2,2,2,5,3
72,114.242.248.213,7/1/2017 21:59,7/1/2017 22:06,Chrome 53.0.2785.49,Android Linux 6.0.1,1,1,2,2,1,2,5,1,2,6,6,5,5,5,5,3,1,3,1,2,1,4,2,4,1,1,1,3,1,1,1,4,5,2,3,1,2,1,2,1,5,3,1,3,5,4,3,2,1,1,2,3
73,81.110.1.208,7/1/2017 22:04,7/1/2017 22:07,Unknown Browser,iPhone iOS 10.3.2,1,2,2,3,3,1,3,7,2,2,2,3,3,3,3,1,1,2,1,1,1,1,2,1,1,1,1,2,1,1,1,1,1,3,3,1,3,2,1,1,3,1,1,1,1,2,3,2,2,2,3,2
74,128.252.25.44,7/1/2017 22:06,7/1/2017 22:10,Unknown Browser,iPhone iOS 10.2.1,1,1,2,3,1,1,3,3,2,6,4,4,4,2,4,1,1,3,1,1,1,2,1,3,1,1,1,1,1,1,1,2,2,1,3,1,1,1,3,1,1,1,1,2,5,5,3,2,1,3,3,2
75,49.185.180.184,7/1/2017 22:00,7/1/2017 22:12,Unknown Browser,iPhone iOS 10.3.2,1,1,1,4,4,1,1,1,2,1,11,3,3,3,4,1,1,2,1,1,1,4,3,1,1,3,2,2,1,1,1,1,2,3,4,1,2,1,1,2,2,1,3,2,4,1,1,2,2,4,3,1
76,123.116.7.232,7/1/2017 22:11,7/1/2017 22:15,Chrome 53.0.2785.49,Android Linux 7.0,1,2,2,4,3,2,1,6,1,5,3,3,4,5,5,1,1,2,1,1,1,1,1,1,1,1,1,1,1,1,1,1,1,1,2,1,1,1,1,1,1,1,1,1,5,3,3,2,2,3,1,2
77,117.136.38.201,7/1/2017 22:14,7/1/2017 22:18,Chrome 53.0.2785.49,Android Linux 6.0.1,1,2,2,3,3,2,1,2,2,5,3,3,3,2,2,1,1,1,1,1,1,2,1,1,1,1,3,4,1,1,1,3,3,1,1,2,3,2,1,1,4,2,3,1,3,3,2,2,2,3,2,3
78,50.254.76.150,7/1/2017 22:15,7/1/2017 22:19,Chrome 55.0.2883.84,Android Linux 6.0.1,1,1,2,3,1,1,3,3,2,5,3,3,3,3,4,3,3,4,2,1,4,4,2,3,2,2,3,2,1,1,1,2,1,3,2,2,1,1,4,1,2,1,3,3,3,3,2,2,2,2,4,3
79,209.6.235.2,7/1/2017 22:18,7/1/2017 22:23,Unknown Browser,iPhone iOS 10.3.2,1,2,2,3,1,1,4,1,1,6,4,3,3,4,3,2,3,4,2,1,3,1,3,3,1,1,1,1,1,1,1,3,1,3,4,2,4,1,3,3,3,2,1,1,3,1,1,2,2,3,1,1
80,114.84.140.187,7/1/2017 22:19,7/1/2017 22:24,Chrome 53.0.2785.49,Android Linux 6.0.1,1,1,2,3,7,2,5,3,1,3,4,3,3,2,3,3,2,2,2,1,1,4,4,2,2,2,2,3,2,2,3,2,4,3,3,2,2,2,4,4,1,2,3,3,4,4,4,2,2,4,4,4
81,106.122.243.115,7/1/2017 22:34,7/1/2017 22:37,Unknown Browser,iPhone iOS 10.3.2,1,2,2,3,3,2,3,1,2,3,2,5,5,3,4,1,1,1,1,1,1,1,1,1,1,1,1,1,1,1,1,1,1,2,2,1,2,1,3,1,1,1,2,2,4,5,4,1,1,3,3,3
82,67.87.24.83,7/1/2017 22:27,7/1/2017 22:41,Unknown Browser,iPhone iOS 10.3.2,1,1,2,3,1,1,5,3,1,10,10,3,3,1,3,1,1,1,1,3,1,1,1,1,1,1,1,1,3,1,1,1,1,3,5,1,1,1,1,1,3,5,3,1,3,5,3,2,2,1,1,1
83,1.82.184.26,7/1/2017 22:34,7/1/2017 22:42,Chrome 53.0.2785.49,Android Linux 7.0,1,2,2,3,3,2,3,2,1,6,6,4,4,4,3,2,1,2,1,1,1,2,1,1,1,1,2,1,1,1,1,3,1,3,5,1,1,1,1,1,3,1,1,1,5,5,3,2,2,3,2,2
84,117.136.24.80,7/1/2017 22:38,7/1/2017 22:43,Unknown Browser,iPhone iOS 10.1.1,1,2,2,3,1,1,2,3,2,3,2,3,3,3,2,4,4,2,3,2,2,1,1,1,3,1,1,1,1,1,1,1,5,1,1,1,1,1,1,4,3,1,3,2,3,5,4,2,2,3,1,1
85,59.63.248.254,7/1/2017 22:41,7/1/2017 22:44,Unknown Browser,iPhone iOS 10.3.2,1,2,1,3,8,2,2,3,2,5,3,4,3,3,3,4,4,4,3,1,1,5,4,3,3,2,5,5,3,1,3,1,3,5,5,3,4,3,1,2,4,3,4,4,2,1,1,2,2,3,2,2
86,58.23.9.67,7/1/2017 22:42,7/1/2017 22:48,Unknown Browser,iPhone iOS 10.2.1,1,2,2,2,3,2,2,2,2,5,2,4,4,4,4,2,2,2,2,2,2,3,2,2,2,2,1,1,2,1,1,1,1,1,1,1,3,2,1,1,1,1,2,1,3,3,3,2,2,1,3,3
87,139.59.122.153,7/1/2017 22:49,7/1/2017 22:52,Unknown Browser,iPhone iOS 10.3.2,1,2,2,3,1,1,2,3,2,3,2,5,5,5,5,5,5,5,5,5,5,5,5,5,5,5,5,5,5,5,5,5,5,5,5,5,5,5,5,5,5,5,5,5,5,5,5,2,1,5,5,5
88,112.65.189.148,7/1/2017 22:51,7/1/2017 22:53,Unknown Browser,iPhone iOS 10.3.2,1,1,1,1,1,1,1,1,1,11,11,1,1,1,1,1,1,1,1,1,1,1,1,1,1,1,1,1,1,1,1,1,1,1,1,1,1,1,1,1,1,1,1,1,1,1,1,1,2,1,1,1
89,14.204.123.136,7/1/2017 22:50,7/1/2017 22:53,Unknown Browser,iPhone iOS 10.2,1,2,2,3,1,1,5,2,1,10,10,2,3,2,3,1,1,3,1,1,1,3,3,2,1,1,1,1,1,1,1,1,1,3,3,2,2,1,2,1,5,1,3,4,3,3,2,2,1,1,2,1
90,36.23.106.194,7/1/2017 22:49,7/1/2017 22:55,Chrome 53.0.2785.49,Android Linux 5.1,1,1,1,1,10,2,1,6,2,10,10,4,4,3,4,1,2,3,2,4,1,3,3,4,1,2,4,4,2,1,2,3,4,3,3,3,2,2,2,1,4,3,4,3,3,3,3,2,2,1,1,2
91,120.239.64.63,7/1/2017 22:49,7/1/2017 22:55,Unknown Browser,iPhone iOS 10.3.2,1,2,1,3,1,1,2,3,1,3,2,3,3,1,2,2,1,3,2,1,1,4,5,5,1,1,1,4,1,1,1,1,3,5,5,3,2,1,5,3,3,3,3,4,2,5,5,2,2,4,1,1
92,180.222.18.116,7/1/2017 22:51,7/1/2017 22:59,AndroidBrowser,Android Linux 4.4.2,1,2,1,2,4,1,4,1,2,2,2,2,2,3,3,3,2,3,2,2,2,3,2,1,2,2,1,4,2,1,2,3,2,4,4,4,3,3,3,2,4,2,3,2,2,2,2,2,2,2,1,1
93,36.57.160.143,7/1/2017 22:56,7/1/2017 23:00,Unknown Browser,iPhone iOS 10.3.2,1,1,2,4,1,1,2,1,2,4,5,4,4,4,4,4,4,4,4,4,4,4,4,4,4,4,4,4,4,4,4,4,4,5,4,1,4,4,4,4,4,4,4,4,4,4,4,2,2,4,4,2
94,137.28.230.44,7/1/2017 22:54,7/1/2017 23:00,Unknown Browser,iPhone iOS 9.3.5,1,1,2,3,1,1,2,3,2,4,3,3,3,3,3,3,2,3,2,3,1,4,3,3,3,1,1,1,1,1,3,1,2,3,3,1,2,1,4,3,3,1,1,3,3,3,2,2,2,2,1,1
95,1.25.9.114,7/1/2017 22:52,7/1/2017 23:01,Unknown Browser,iPhone iOS 10.3.2,1,2,1,3,10,2,1,4,2,3,2,4,3,3,4,1,2,1,1,1,1,1,2,1,2,1,1,3,1,1,1,1,1,3,4,2,3,1,1,1,1,1,2,3,5,5,4,2,2,3,1,1
96,183.228.0.234,7/1/2017 22:58,7/1/2017 23:02,Unknown Browser,iPhone iOS 10.2.1,1,2,2,2,1,2,5,3,2,10,10,2,1,1,1,1,1,1,1,1,1,3,2,1,1,1,2,1,1,1,2,3,3,4,3,2,3,1,2,2,4,2,3,3,3,1,1,2,2,2,1,1
97,125.63.28.5,7/1/2017 23:00,7/1/2017 23:05,Unknown Browser,iPhone iOS 10.3.2,1,1,2,4,4,1,6,3,1,5,3,4,3,4,4,2,2,4,2,2,2,3,3,2,2,2,3,4,2,1,1,2,2,3,3,2,2,2,2,2,2,2,2,4,4,4,4,2,2,2,2,2
98,1.28.218.233,7/1/2017 23:05,7/1/2017 23:09,Unknown Browser,iPhone iOS 10.2,1,2,2,4,1,1,2,3,2,4,3,3,3,3,3,1,1,1,1,1,1,2,3,3,1,3,2,2,1,1,2,4,3,3,3,2,2,2,2,2,2,2,2,2,3,2,2,2,2,4,1,1
99,222.77.52.60,7/1/2017 23:14,7/1/2017 23:20,Unknown Browser,iPhone iOS 10.3.2,1,2,1,3,4,2,6,3,2,6,7,4,4,3,4,3,1,2,1,1,1,1,1,1,1,1,1,1,1,1,1,2,1,2,2,1,1,1,2,1,1,1,2,2,5,5,5,1,2,3,5,5
100,109.84.1.163,7/1/2017 23:19,7/1/2017 23:28,Unknown Browser,iPhone iOS 10.3.1,1,2,2,3,4,1,3,1,2,4,3,3,3,3,4,3,3,2,2,1,1,4,4,3,2,2,4,5,2,1,4,3,4,2,5,1,2,1,2,2,1,2,4,2,5,1,1,2,2,1,3,1
101,72.141.157.249,7/1/2017 23:23,7/1/2017 23:30,Unknown Browser,iPhone iOS 10.3.2,1,1,2,3,2,1,5,2,2,3,2,1,2,2,2,1,2,3,1,1,1,2,2,1,1,1,1,1,1,1,2,3,4,2,2,1,1,1,1,1,3,2,3,3,3,2,1,2,1,3,2,1
102,183.11.55.107,7/1/2017 23:37,7/1/2017 23:40,Chrome 53.0.2785.49,Android Linux 7.0,1,1,2,3,4,1,1,3,2,5,3,3,2,3,4,3,2,2,2,2,1,2,1,2,2,1,2,3,2,1,3,1,2,3,3,1,2,2,2,3,1,2,5,2,1,2,2,2,2,2,2,2
103,24.114.78.179,7/1/2017 23:40,7/1/2017 23:46,Chrome 59.0.3071.125,Android Linux 7.0,1,2,2,3,2,1,6,3,2,4,6,4,4,3,5,2,2,2,2,1,1,2,2,1,1,1,1,1,1,1,1,1,2,3,4,1,1,1,1,1,2,1,3,1,5,5,4,2,1,3,1,1
104,124.149.162.190,7/1/2017 23:43,7/1/2017 23:48,Unknown Browser,iPhone iOS 10.3.2,1,2,2,3,4,1,4,3,2,3,2,3,3,5,5,1,1,1,1,1,1,3,1,1,1,1,1,1,1,1,1,1,2,4,5,3,2,3,3,2,3,1,1,3,4,3,2,2,1,2,1,1
105,223.104.6.56,7/1/2017 23:44,7/1/2017 23:50,Unknown Browser,iPhone iOS 10.3.1,1,1,2,3,7,2,2,2,2,7,7,4,4,5,4,2,3,4,2,1,2,3,2,2,2,1,2,4,1,1,1,3,4,5,5,5,4,1,1,2,5,3,2,4,1,4,3,1,1,4,2,2
106,112.97.50.127,7/1/2017 23:44,7/1/2017 23:50,Unknown Browser,iPhone iOS 10.3.2,1,2,2,3,3,2,4,4,1,3,2,5,4,3,4,1,1,3,1,2,1,3,1,2,1,1,1,1,1,1,1,3,1,3,3,1,1,1,1,1,1,1,3,3,5,5,5,2,1,3,2,2
107,36.102.227.103,7/1/2017 23:46,7/1/2017 23:52,Unknown Browser,iPhone iOS 10.2.1,1,1,2,3,1,2,2,3,2,2,2,2,2,3,3,2,4,4,2,1,4,4,5,5,3,3,1,4,3,1,3,5,5,5,5,5,5,5,3,3,5,4,5,5,1,2,1,2,1,3,1,1
108,69.181.154.236,7/1/2017 23:46,7/1/2017 23:52,Unknown Browser,iPhone iOS 10.3.2,1,1,2,5,1,1,2,1,2,5,2,3,3,5,5,1,1,1,1,1,1,2,3,1,1,1,1,1,1,1,1,1,5,3,4,2,5,3,3,2,3,2,1,5,5,2,1,2,2,3,1,1
109,82.19.138.78,7/1/2017 23:56,7/2/2017 0:02,Unknown Browser,iPhone iOS 9.3.2,1,2,2,3,3,1,2,4,2,4,3,4,5,2,4,4,2,3,1,3,1,5,4,2,2,1,1,1,1,1,2,4,5,4,5,2,4,3,2,1,3,1,1,3,3,1,1,2,2,3,1,1
110,62.166.63.245,7/2/2017 0:17,7/2/2017 0:24,Chrome 39.0.2171.95,Windows Wechat QBCore/3.43.556.400 QQBrowser/9.0.2524.400,1,2,2,2,7,1,6,3,2,6,4,3,2,1,1,2,3,2,2,2,2,2,1,3,2,1,1,2,3,1,2,2,4,3,3,1,2,1,1,2,2,2,1,1,1,5,3,2,1,3,4,1
111,117.30.140.138,7/2/2017 0:23,7/2/2017 0:28,Unknown Browser,iPhone iOS 10.2.1,1,1,2,4,3,2,2,3,2,5,4,3,3,3,2,4,4,3,3,2,3,5,4,4,4,2,3,3,2,1,3,1,4,4,4,2,2,2,2,3,5,1,1,3,3,1,1,2,2,5,2,1
112,106.181.193.124,7/2/2017 0:25,7/2/2017 0:29,Unknown Browser,iPhone iOS 10.3.2,1,2,1,2,8,1,4,3,2,10,10,4,3,4,5,1,2,1,1,1,1,1,1,1,1,1,1,1,1,1,1,1,1,2,5,1,3,3,1,1,1,1,2,5,5,3,2,2,2,1,1,1
113,203.219.10.35,7/2/2017 0:29,7/2/2017 0:33,Unknown Browser,IPad iOS 10.3.2,1,1,2,3,4,1,2,3,2,2,2,3,3,3,4,4,4,2,3,1,1,3,5,2,3,2,2,5,1,5,2,2,4,5,5,3,1,2,2,2,5,2,5,5,3,2,1,2,2,3,4,1
114,145.15.244.38,7/2/2017 0:27,7/2/2017 0:34,Unknown Browser,iPhone iOS 10.3.2,1,2,2,4,7,1,2,3,2,4,4,3,3,4,3,4,4,3,4,1,3,4,4,5,3,2,4,4,3,1,1,4,4,5,5,4,4,2,2,3,3,3,4,3,3,1,1,2,2,3,2,1
115,58.46.21.246,7/2/2017 0:24,7/2/2017 0:35,Chrome 53.0.2785.49,Android Linux 6.0.1,1,2,2,4,8,2,2,6,2,10,10,2,2,2,3,2,1,2,2,1,1,2,3,4,2,1,2,2,2,1,1,3,4,3,3,1,1,1,1,1,4,2,3,2,2,3,3,2,2,5,3,3
116,99.235.228.43,7/2/2017 0:51,7/2/2017 1:01,Chrome 39.0.2171.95,Windows Wechat QBCore/3.43.556.400 QQBrowser/9.0.2524.400,1,2,2,3,2,1,4,3,1,7,5,5,5,4,5,2,1,3,1,1,1,1,1,1,2,1,1,1,1,1,1,1,1,5,5,1,3,1,1,1,3,1,2,3,5,5,5,2,2,3,1,1
117,68.81.55.52,7/2/2017 1:11,7/2/2017 1:19,Unknown Browser,iPhone iOS 10.1.1,1,2,2,2,1,1,2,3,2,3,4,3,4,1,3,3,3,3,2,1,1,2,1,5,1,2,2,2,2,1,2,2,2,4,3,2,3,1,3,2,3,1,3,2,2,1,1,2,2,2,1,1
118,87.213.56.173,7/2/2017 1:32,7/2/2017 1:38,Chrome 55.0.2883.91,Android Linux 7.0,1,2,2,3,7,1,2,3,2,4,3,4,3,3,3,3,1,1,1,1,1,3,3,4,2,1,1,2,1,1,1,2,3,3,4,3,3,1,2,1,2,1,1,2,3,2,2,2,2,1,2,2
119,82.34.3.206,7/2/2017 1:36,7/2/2017 1:42,Unknown Browser,iPhone iOS 10.3.2,1,2,2,4,3,1,1,3,2,4,4,3,4,5,4,3,3,4,2,2,3,4,2,2,3,2,2,3,2,1,3,1,2,2,3,3,2,1,3,2,3,2,2,1,2,3,3,1,2,1,1,1
120,174.113.184.111,7/2/2017 2:13,7/2/2017 2:17,Unknown Browser,iPhone iOS 10.3.2,1,1,2,4,2,1,6,7,2,4,4,4,4,5,4,3,3,3,3,1,2,3,2,2,4,3,3,3,2,1,4,2,3,4,4,2,2,2,2,2,3,2,3,4,4,4,4,2,1,3,4,3
121,139.218.238.113,7/2/2017 4:51,7/2/2017 4:57,Unknown Browser,iPhone iOS 10.3.2,1,1,1,3,4,1,4,3,2,5,3,3,3,2,2,3,3,3,3,1,2,4,4,1,2,2,2,4,1,1,1,1,5,3,3,1,2,3,3,3,3,3,3,3,3,3,3,2,2,4,3,3
122,88.117.114.207,7/2/2017 4:52,7/2/2017 5:05,Unknown Browser,iPhone iOS 10.3.2,1,2,2,3,7,1,6,6,2,10,10,5,5,4,5,3,2,2,2,1,1,2,1,3,2,1,2,2,2,1,1,4,2,3,4,1,2,1,1,1,2,2,1,3,4,5,5,1,2,3,2,3
123,83.54.15.46,7/2/2017 5:55,7/2/2017 6:00,Chrome 51.0.2704.106,Android Linux 6.0.1,1,2,2,3,10,1,2,3,2,4,4,3,4,3,3,2,4,2,1,1,1,3,2,3,3,3,2,1,1,1,3,4,2,3,3,2,3,1,2,3,4,1,3,1,3,3,2,2,2,3,1,4
124,115.64.8.86,7/2/2017 6:17,7/2/2017 6:22,Unknown Browser,iPhone iOS 9.3,1,2,2,3,4,1,2,3,2,5,4,2,2,2,3,2,3,4,2,1,1,5,5,3,3,2,3,3,1,1,1,2,4,5,5,2,3,1,3,3,2,2,4,4,5,1,1,2,2,1,2,1
125,27.32.94.163,7/2/2017 6:39,7/2/2017 6:44,Chrome 58.0.3029.83,Android Linux 6.0.1,1,1,2,1,4,1,3,3,2,10,10,2,3,1,1,4,4,2,2,1,1,2,2,1,1,1,1,3,1,1,2,1,4,3,3,2,2,2,2,1,1,2,5,3,4,1,1,2,1,1,3,1
126,120.18.172.223,7/2/2017 7:40,7/2/2017 7:45,Unknown Browser,iPhone iOS 10.2.1,1,2,2,2,4,1,2,3,2,3,4,4,4,5,4,4,4,4,3,1,2,5,4,3,1,3,2,3,1,2,1,4,3,3,5,3,3,1,3,1,2,2,4,5,4,5,4,2,2,4,3,2
127,61.68.215.193,7/2/2017 8:24,7/2/2017 8:28,Unknown Browser,iPhone iOS 10.3.2,1,2,2,6,4,1,4,3,1,5,5,4,3,3,3,2,2,2,1,1,1,3,1,1,1,1,1,1,1,1,2,1,1,3,3,1,1,1,1,1,1,1,3,3,3,3,3,2,2,3,2,2
128,222.186.43.94,7/2/2017 8:23,7/2/2017 8:29,Unknown Browser,iPhone iOS 10.0.1,1,2,1,2,4,1,2,3,2,5,3,4,4,4,4,5,5,5,5,1,3,3,3,4,3,2,3,3,3,1,1,3,3,3,3,1,1,1,3,2,2,1,1,1,5,1,1,2,2,1,1,1
129,155.143.121.170,7/2/2017 8:23,7/2/2017 8:31,Unknown Browser,iPhone iOS 10.3.2,1,2,1,3,4,1,2,3,2,4,10,3,4,2,2,3,2,5,3,1,1,4,3,2,1,1,3,5,1,1,2,1,3,4,5,3,2,1,3,3,1,2,2,5,5,3,3,1,2,1,3,1
130,115.70.140.72,7/2/2017 9:13,7/2/2017 9:22,Unknown Browser,iPhone iOS 10.0.2,1,2,2,3,4,1,1,3,2,5,3,3,3,3,3,3,3,3,3,3,3,3,2,4,3,3,2,3,1,2,4,1,4,2,2,2,3,1,2,5,2,1,2,5,5,2,1,2,2,4,2,1
131,223.104.3.192,7/2/2017 9:29,7/2/2017 9:33,Unknown Browser,iPhone iOS 10.3.2,1,2,2,3,4,1,3,3,2,4,5,3,3,3,3,1,1,5,1,1,1,1,1,1,1,1,1,1,1,1,1,1,1,1,1,1,1,1,1,1,1,1,2,1,5,5,3,2,2,4,1,1
132,183.147.140.195,7/2/2017 9:37,7/2/2017 9:46,Unknown Browser,iPhone iOS 10.3.2,1,2,2,3,4,1,4,3,1,4,3,3,3,3,3,3,2,2,2,1,1,1,1,3,1,2,3,1,2,1,1,2,1,3,3,1,1,1,3,2,3,2,1,3,4,3,2,2,2,1,1,1
133,117.136.52.108,7/2/2017 9:43,7/2/2017 9:46,Unknown Browser,iPhone iOS 10.3.2,1,1,2,3,4,1,3,1,2,5,3,3,3,2,3,2,2,2,2,2,2,3,3,3,2,2,2,2,2,2,2,2,3,3,3,3,3,3,2,2,3,3,3,3,3,2,2,2,2,1,1,1
134,120.21.189.34,7/2/2017 9:50,7/2/2017 9:51,Unknown Browser,iPhone iOS 10.3.2,1,1,2,3,4,1,6,3,2,7,8,4,5,5,5,3,1,3,2,1,1,1,1,1,1,1,1,1,1,1,1,1,1,1,1,1,1,1,1,1,1,1,1,1,1,1,1,2,2,5,1,1
135,117.136.74.172,7/2/2017 9:50,7/2/2017 10:14,Unknown Browser,iPhone iOS 10.2,1,2,2,3,4,2,3,3,2,5,5,3,3,4,3,2,2,4,2,1,1,2,1,1,1,1,1,2,1,1,2,1,1,2,3,1,1,1,3,1,1,1,3,2,4,3,3,2,2,3,2,1
136,36.5.224.201,7/2/2017 11:03,7/2/2017 11:07,Unknown Browser,iPhone iOS 10.0.1,1,1,2,4,1,1,4,3,1,5,5,4,4,4,4,5,5,5,5,1,1,3,3,1,2,2,2,4,1,1,1,2,4,2,4,1,2,1,2,2,2,1,1,3,3,2,1,2,1,3,1,3
137,117.136.0.231,7/2/2017 13:54,7/2/2017 13:57,Unknown Browser,iPhone iOS 10.3.3,1,1,2,2,10,2,1,2,2,6,5,5,5,4,4,3,2,1,2,1,1,1,1,1,3,1,3,2,1,1,3,3,2,1,1,1,1,1,1,1,1,2,3,1,3,3,3,1,1,3,4,4
138,59.63.248.254,7/1/2017 21:18,7/2/2017 16:51,Chrome 59.0.3071.115,MacOS Macintosh X 10.12.5,1,1,2,4,1,2,6,3,2,6,8,5,5,5,5,3,3,3,2,1,2,2,1,3,1,2,1,1,1,1,1,1,1,2,2,1,2,1,1,1,1,1,1,1,5,5,5,1,1,5,2,4
139,180.173.197.126,7/2/2017 17:15,7/2/2017 17:20,Unknown Browser,iPhone iOS 10.2.1,1,2,2,3,1,2,3,3,1,5,4,4,4,3,4,1,3,5,3,1,2,3,2,2,1,2,3,4,2,1,1,2,1,4,5,2,2,1,4,4,3,2,5,3,4,3,3,2,2,3,2,1
140,183.37.3.67,7/2/2017 17:25,7/2/2017 17:30,Unknown Browser,iPhone iOS 10.3.2,1,2,2,4,4,1,2,3,1,5,4,3,4,3,3,1,1,3,1,1,1,2,2,4,2,2,2,2,1,1,1,2,2,3,5,2,2,1,1,3,1,3,3,3,5,2,2,2,2,3,3,1
141,158.125.204.184,7/2/2017 17:39,7/2/2017 17:43,Unknown Browser,iPhone iOS 10.3.2,1,2,2,1,3,1,6,3,2,3,4,2,2,2,2,3,2,2,2,1,1,3,5,1,1,1,3,2,1,1,2,2,1,5,5,1,1,1,2,1,5,1,3,1,3,3,2,2,2,1,1,1
142,1.31.142.194,7/2/2017 20:29,7/2/2017 20:34,Unknown Browser,iPhone iOS 9.3.2,1,2,1,2,10,2,2,2,2,3,4,3,3,2,3,3,2,3,2,2,3,2,2,2,2,3,2,1,2,2,2,2,3,4,4,3,2,1,2,2,1,1,3,2,2,5,5,2,2,4,4,4
143,40.139.251.204,7/3/2017 0:09,7/3/2017 0:17,Unknown Browser,iPhone iOS 10.3.2,1,2,2,1,1,1,6,4,2,4,5,4,4,5,4,2,1,3,1,1,1,3,1,3,1,1,2,4,1,1,1,2,5,1,2,1,1,1,1,1,3,1,3,1,3,3,1,1,2,5,1,1
144,119.233.184.79,7/3/2017 0:58,7/3/2017 1:04,Unknown Browser,iPhone iOS 10.3.2,1,2,2,2,3,2,3,3,1,4,2,5,5,4,5,3,2,3,1,1,1,3,2,3,2,1,1,1,1,1,1,3,3,3,3,1,1,1,1,1,2,2,2,2,5,5,5,2,2,2,2,2
145,73.69.172.128,7/3/2017 1:20,7/3/2017 1:25,Unknown Browser,iPhone iOS 10.3.2,1,2,1,3,1,1,6,3,2,2,3,3,3,2,3,2,2,3,2,1,1,4,3,4,3,3,2,4,1,1,3,3,3,4,4,3,4,3,5,5,5,1,1,5,1,2,2,2,2,2,1,1
146,80.147.64.222,7/3/2017 3:13,7/3/2017 3:18,Unknown Browser,iPhone iOS 10.3.2,1,2,2,4,7,1,2,6,2,4,2,4,4,3,4,1,2,1,1,1,1,2,1,1,1,1,3,2,1,1,1,3,1,2,3,1,1,1,2,1,3,2,4,1,4,5,5,2,2,1,1,2
147,35.1.192.121,7/3/2017 8:11,7/3/2017 8:16,Safari 10.1.1,MacOS Macintosh X 10.11.6,1,1,2,3,1,1,5,1,2,6,4,4,5,2,5,2,3,5,1,1,2,5,5,3,2,3,2,4,1,1,1,5,5,5,5,3,3,1,3,3,5,5,3,3,2,5,2,2,2,1,1,1
148,49.3.205.120,7/3/2017 8:09,7/3/2017 8:19,Unknown Browser,iPhone iOS 10.3.2,1,1,2,3,4,1,2,1,2,4,2,3,4,2,3,2,2,4,2,1,1,1,1,1,1,1,1,4,1,1,1,3,1,2,4,2,1,2,1,2,2,1,3,4,2,1,1,2,1,1,2,1
149,24.91.146.46,7/3/2017 9:17,7/3/2017 9:23,Chrome 39.0.2171.95,Windows Wechat QBCore/3.43.556.400 QQBrowser/9.0.2524.400,1,1,2,5,1,1,3,1,1,6,5,3,3,4,5,3,2,3,2,1,2,3,3,4,2,2,2,3,1,1,1,3,3,3,4,3,3,2,3,3,4,3,3,3,4,4,3,2,1,3,2,2
150,107.77.223.170,7/3/2017 9:25,7/3/2017 9:33,Unknown Browser,iPhone iOS 10.0.1,1,2,2,3,1,1,4,3,2,6,5,4,4,3,3,1,2,4,1,1,1,2,1,1,1,1,1,1,1,1,1,1,4,1,2,1,1,1,1,1,4,1,1,1,5,3,2,2,2,5,2,2
151,183.90.36.121,7/3/2017 9:49,7/3/2017 10:11,Unknown Browser,iPhone iOS 10.3.1,1,2,2,2,8,1,6,3,2,4,3,4,4,5,5,3,1,2,1,1,1,2,2,5,1,1,1,5,2,1,1,3,4,2,5,3,3,1,1,5,3,3,3,4,5,5,5,2,2,1,2,2
152,24.0.145.56,7/3/2017 10:47,7/3/2017 10:52,Unknown Browser,iPhone iOS 10.2,1,2,2,3,1,1,4,1,1,6,5,4,4,2,3,2,2,1,1,1,1,3,2,4,2,1,3,2,1,1,1,2,3,5,5,1,2,1,3,3,2,1,3,2,4,5,5,2,2,3,2,2
153,75.133.231.184,7/3/2017 10:51,7/3/2017 10:56,Unknown Browser,iPhone iOS 10.3.2,1,2,1,3,1,1,3,3,2,10,10,4,4,4,4,3,3,4,2,2,3,2,1,2,3,2,1,2,2,1,1,1,2,4,5,3,3,1,2,1,5,1,1,2,2,1,1,2,1,2,1,1
154,24.127.214.133,7/3/2017 11:10,7/3/2017 11:18,Unknown Browser,iPhone iOS 9.3.5,1,2,2,3,1,1,6,1,2,5,4,4,4,3,4,3,2,2,2,1,4,3,3,4,2,1,1,2,2,1,1,2,4,3,3,2,2,1,3,3,2,2,1,3,5,1,1,2,2,2,1,1
155,1.30.6.142,7/3/2017 12:26,7/3/2017 12:31,Chrome 53.0.2785.49,Android Linux 7.0,1,1,2,5,1,2,4,3,2,4,4,4,3,5,3,3,3,4,2,2,2,2,1,1,2,2,1,3,1,1,3,4,2,3,3,2,1,1,1,1,5,5,3,2,1,3,2,2,1,2,1,1
156,112.5.238.18,7/3/2017 12:51,7/3/2017 12:56,Unknown Browser,iPhone iOS 10.1.1,1,2,1,3,7,1,5,6,2,10,10,3,3,2,2,3,3,4,3,2,2,4,4,3,3,3,4,3,3,2,3,4,3,4,4,3,3,2,4,4,2,2,2,5,5,1,1,2,2,3,3,2
157,112.5.204.4,7/3/2017 12:49,7/3/2017 13:00,Chrome 39.0.2171.95,Windows Wechat QBCore/3.43.556.400 QQBrowser/9.0.2524.400,1,2,2,3,7,2,2,6,1,10,10,3,3,4,3,3,2,1,1,1,1,3,3,4,1,1,2,4,2,1,1,3,3,4,5,3,3,1,4,3,3,2,3,3,4,5,5,2,2,3,3,3
158,117.28.160.134,7/3/2017 12:57,7/3/2017 13:03,Unknown Browser,iPhone iOS 9.1,1,1,1,3,3,2,2,3,2,3,2,3,3,3,4,3,2,3,2,1,1,4,3,2,3,2,2,2,2,1,1,3,4,3,3,1,1,1,3,3,3,3,3,3,3,3,2,2,1,1,4,1
159,106.122.183.235,7/3/2017 13:03,7/3/2017 13:08,Chrome 53.0.2785.49,Android Linux 6.0.1,1,2,1,1,10,2,2,7,2,10,10,2,3,3,2,1,1,1,1,1,1,1,3,1,1,1,3,1,1,1,1,2,1,3,3,1,1,1,2,2,4,3,2,1,5,4,4,2,2,1,1,1
160,58.23.9.82,7/3/2017 13:09,7/3/2017 13:14,Unknown Browser,iPhone iOS 10.3.2,1,2,2,3,7,2,2,6,2,10,10,3,3,3,3,2,2,2,1,1,1,2,1,1,2,1,2,2,1,1,1,3,3,3,3,2,2,1,4,3,3,2,3,1,4,4,3,2,2,3,1,1
161,106.122.183.235,7/3/2017 13:14,7/3/2017 13:20,Unknown Browser,iPhone iOS 9.1,1,2,2,3,7,2,2,2,2,10,10,2,4,2,2,1,3,2,1,1,1,1,1,5,1,1,1,1,1,1,1,1,1,4,5,1,3,1,2,3,1,1,2,3,4,5,5,2,2,4,2,1
162,106.122.183.235,7/3/2017 13:23,7/3/2017 13:26,Unknown Browser,iPhone iOS 9.1,1,2,2,3,7,2,2,2,2,10,10,2,2,2,1,1,3,1,1,1,1,1,3,1,1,1,2,1,1,1,1,1,3,4,4,2,1,2,1,2,1,1,1,3,4,5,4,2,2,4,1,1
163,118.141.124.58,7/3/2017 16:40,7/3/2017 16:45,Unknown Browser,iPhone iOS 10.2.1,1,2,2,3,10,1,3,6,2,10,10,5,5,5,5,3,3,4,2,1,1,2,1,2,2,1,2,2,2,1,1,3,2,3,3,2,2,2,3,3,2,3,1,2,3,5,4,1,2,2,3,4
164,59.77.42.157,7/3/2017 16:51,7/3/2017 16:55,Unknown Browser,iPhone iOS 10.2.1,1,2,2,3,1,2,1,6,2,6,4,4,4,4,4,3,2,3,3,1,2,2,2,1,3,2,1,2,1,1,2,3,2,2,2,1,1,1,4,1,5,1,2,2,1,2,2,2,2,4,1,1
165,218.85.81.167,7/3/2017 17:02,7/3/2017 17:06,Unknown Browser,iPhone iOS 10.3.2,1,2,1,3,3,2,2,1,2,3,2,3,4,1,3,3,4,5,2,4,4,5,4,3,4,1,4,3,1,1,1,1,2,1,1,1,1,1,4,4,5,1,1,3,1,3,2,2,2,1,2,2
166,120.197.198.100,7/3/2017 17:08,7/3/2017 17:14,Unknown Browser,iPhone iOS 10.1.1,1,2,2,3,3,2,2,1,2,3,3,3,3,3,2,4,2,1,1,1,1,2,3,1,1,1,1,1,1,1,2,1,1,2,2,2,1,1,3,2,2,1,3,3,3,1,1,2,2,1,5,1
167,68.180.64.25,7/3/2017 18:37,7/3/2017 18:46,Unknown Browser,iPhone iOS 10.3.1,1,1,2,3,1,1,2,3,2,3,2,3,3,2,3,2,2,3,2,1,1,4,3,2,2,2,2,4,1,1,2,2,4,3,3,2,2,1,4,3,3,1,1,2,3,2,1,2,1,3,1,1
168,183.234.91.195,7/3/2017 19:32,7/3/2017 19:37,Chrome 53.0.2785.49,Android Linux 7.0,1,2,2,2,7,2,2,6,2,10,10,3,3,2,4,3,3,3,2,2,3,3,2,2,1,3,1,2,1,1,1,3,2,3,3,4,3,2,3,2,2,2,2,1,3,3,3,2,2,2,2,2
169,82.132.216.210,7/3/2017 19:35,7/3/2017 19:44,Unknown Browser,iPhone iOS 10.3.2,1,2,2,2,3,1,5,3,2,2,3,3,4,3,4,4,4,4,4,2,2,3,3,4,2,3,4,3,2,1,3,5,2,4,4,3,3,2,5,3,4,2,3,3,4,3,2,2,2,3,1,1
170,223.104.6.4,7/3/2017 19:59,7/3/2017 20:03,Chrome 53.0.2785.49,Android Linux 4.4.4,1,2,2,3,7,2,2,6,2,10,10,3,3,4,3,2,2,1,1,1,1,1,1,1,1,1,1,1,1,1,1,2,1,2,2,1,2,1,2,2,2,1,1,1,4,4,4,2,2,3,2,2
171,218.185.233.42,7/3/2017 21:19,7/3/2017 21:28,Unknown Browser,iPhone iOS 10.3.2,1,2,2,3,4,1,4,4,1,5,4,5,5,5,5,3,2,3,1,1,1,3,4,3,1,1,1,1,1,1,1,3,2,2,4,1,1,1,3,1,1,1,1,3,4,5,5,2,2,1,3,3
172,31.185.45.77,7/4/2017 4:41,7/4/2017 4:47,Unknown Browser,iPhone iOS 10.1.1,1,2,2,3,3,1,6,3,2,3,4,3,2,2,2,2,2,3,1,1,1,3,1,1,1,1,1,4,1,1,2,2,1,3,3,1,3,1,2,1,1,1,3,3,4,2,2,2,1,2,2,2
173,49.195.156.60,7/4/2017 6:14,7/4/2017 6:22,Unknown Browser,iPhone iOS 10.2,1,1,2,4,4,1,4,3,2,5,3,4,3,3,5,2,3,4,1,1,1,4,2,1,1,2,1,3,2,1,1,2,5,3,4,2,3,1,1,1,1,1,1,2,5,4,2,1,1,3,2,2
174,121.215.178.126,7/4/2017 6:35,7/4/2017 6:41,Unknown Browser,iPhone iOS 10.3.2,1,2,2,2,4,1,4,2,1,6,4,3,3,3,3,3,3,3,3,1,3,3,4,3,3,1,2,3,2,1,1,3,3,3,3,2,2,1,4,2,4,2,2,3,3,2,2,2,2,2,2,1
175,123.2.93.96,7/4/2017 6:52,7/4/2017 6:57,Unknown Browser,iPhone iOS 10.3.2,1,2,2,5,4,1,4,4,2,5,4,3,3,4,3,3,3,4,3,2,4,4,3,2,2,3,1,2,2,1,2,4,3,3,2,3,3,3,2,1,1,1,2,3,4,3,3,2,2,3,1,1
176,120.21.225.122,7/4/2017 8:57,7/4/2017 9:01,Chrome 44.0.2403.146,Android Linux 6.0,1,1,2,3,4,1,2,4,2,5,5,3,3,3,4,2,2,4,2,1,1,2,1,1,1,1,1,1,1,1,1,2,4,2,2,1,4,2,3,2,3,3,1,3,4,3,3,2,2,3,1,1
177,24.91.146.46,7/4/2017 12:01,7/4/2017 12:07,Unknown Browser,iPhone iOS 9.3.2,1,2,1,3,1,1,4,3,2,4,3,3,4,3,3,3,1,2,2,1,1,2,2,3,2,1,1,1,1,1,1,1,2,2,2,1,1,1,2,2,3,1,2,3,4,5,5,2,1,4,2,1
178,183.144.8.145,7/4/2017 12:42,7/4/2017 12:46,Unknown Browser,iPhone iOS 10.2.1,1,2,2,3,1,2,1,6,2,6,6,3,3,3,4,1,2,2,1,2,1,3,2,1,1,1,2,2,1,1,1,1,3,2,3,1,2,1,3,2,1,1,1,3,5,5,3,2,2,2,1,1
179,27.18.242.85,7/4/2017 12:55,7/4/2017 12:59,Chrome 53.0.2785.49,Android Linux 7.0,1,2,2,3,1,2,2,6,1,6,5,4,4,3,4,3,3,1,3,1,2,2,1,4,4,1,2,5,2,1,1,1,5,2,4,1,2,1,3,3,1,1,1,2,5,5,3,2,2,2,1,1
180,111.201.33.235,7/4/2017 12:57,7/4/2017 13:04,Unknown Browser,iPhone iOS 10.1.1,1,2,2,4,1,2,1,3,1,6,5,3,3,4,4,2,2,5,3,2,2,2,1,3,2,1,2,1,1,1,1,1,5,3,3,2,2,3,2,5,3,2,2,2,5,2,2,2,2,2,2,2
181,61.148.242.217,7/4/2017 13:08,7/4/2017 13:12,Unknown Browser,iPhone iOS 10.3.2,1,2,2,3,1,2,1,1,1,6,6,4,4,4,5,2,2,1,1,1,1,1,1,1,1,1,1,1,1,1,1,1,1,3,4,2,2,2,3,3,1,1,3,3,5,5,5,2,2,3,2,2
182,101.231.120.141,7/4/2017 13:42,7/4/2017 13:49,Chrome 59.0.3071.115,MacOS Macintosh X 10.12.5,1,1,1,4,1,1,3,1,1,5,3,3,3,2,2,1,3,5,2,1,1,1,2,1,1,1,1,3,1,1,2,1,3,3,2,2,3,2,5,3,2,1,1,4,5,4,2,2,2,3,1,1
183,49.199.183.243,7/4/2017 14:01,7/4/2017 14:08,Unknown Browser,iPhone iOS 9.3.5,1,2,2,4,4,1,1,1,2,5,5,3,4,3,4,4,4,3,3,1,1,4,4,3,4,2,3,4,2,1,3,4,4,4,5,2,2,1,3,4,4,1,2,3,3,1,1,2,1,2,1,1
184,223.104.176.230,7/4/2017 16:18,7/4/2017 16:23,Unknown Browser,iPhone iOS 10.2.1,1,1,2,3,1,2,4,6,1,6,7,5,5,5,5,1,1,1,1,1,1,1,1,1,3,1,1,1,1,1,1,3,1,2,4,1,3,1,2,1,1,1,1,3,4,5,5,1,2,3,1,1
185,144.82.115.234,7/4/2017 16:17,7/4/2017 16:26,Safari 10.1.1,MacOS Macintosh X 10.12.5,1,2,2,4,3,1,4,3,1,7,4,5,5,4,5,3,2,3,2,2,2,3,4,3,1,2,3,3,1,1,1,3,2,2,3,1,1,1,3,2,3,1,2,4,1,3,3,2,2,3,3,4
186,112.198.70.40,7/4/2017 16:28,7/4/2017 16:30,Unknown Browser,iPhone iOS 10.2.1,1,2,2,3,1,1,4,1,2,7,7,5,5,5,4,2,1,3,2,1,1,2,3,3,2,2,1,3,1,1,1,2,1,5,5,3,4,5,3,2,3,2,2,3,1,5,5,2,2,3,1,1
187,5.151.177.201,7/4/2017 19:38,7/4/2017 19:44,Unknown Browser,iPhone iOS 10.3.1,1,2,2,3,3,1,4,1,2,7,6,5,5,4,5,2,2,3,2,1,1,2,5,2,1,1,2,2,1,1,2,2,5,3,3,2,1,1,3,3,2,1,1,2,3,1,1,2,1,1,3,1
188,135.0.21.81,7/4/2017 20:39,7/4/2017 20:46,Chrome 33.0.0.0,Android Linux 4.4.4,1,1,1,3,2,1,4,1,1,5,3,3,4,3,4,2,1,4,1,3,2,2,1,1,2,1,1,2,1,3,1,2,3,1,2,1,2,1,1,1,1,2,1,2,5,3,2,2,2,3,1,1
189,131.231.218.246,7/4/2017 22:02,7/4/2017 22:04,Unknown Browser,iPhone iOS 9.3.4,1,1,1,3,3,1,2,3,2,4,3,4,4,4,3,1,1,3,1,1,3,4,3,3,1,1,1,2,1,1,1,2,3,2,3,1,1,1,1,1,5,1,2,2,1,5,3,2,1,3,5,2
190,59.78.9.252,7/4/2017 22:37,7/4/2017 22:40,Unknown Browser,iPhone iOS 10.3.2,1,1,2,3,10,2,6,1,1,9,9,5,5,5,5,5,1,3,3,3,2,3,3,3,3,4,4,4,4,2,3,4,4,4,4,2,2,3,3,4,4,4,4,4,4,3,3,1,1,4,4,3
191,112.5.203.81,7/4/2017 23:20,7/4/2017 23:23,Chrome 53.0.2785.49,Android Linux 6.0.1,1,1,1,3,1,2,4,1,2,4,2,2,2,1,2,4,4,3,4,3,4,5,5,4,3,3,4,5,4,2,3,5,5,4,4,3,3,2,3,3,5,4,5,4,2,2,2,2,2,3,3,3
192,107.77.223.101,7/5/2017 1:18,7/5/2017 1:23,Unknown Browser,iPhone iOS 10.3.2,1,1,2,3,1,1,4,1,1,7,6,4,4,2,5,1,1,1,1,1,1,1,1,1,1,1,1,2,1,1,1,1,3,2,4,1,1,1,2,1,1,2,1,5,4,5,3,2,1,1,1,1
193,82.34.3.160,7/5/2017 3:28,7/5/2017 3:32,Unknown Browser,iPhone iOS 10.3.2,1,1,1,4,3,1,2,3,1,5,3,3,2,2,4,1,1,4,1,1,1,1,1,1,1,1,1,1,1,1,1,1,4,1,1,1,1,1,1,1,1,1,1,1,4,3,2,2,2,1,1,1
194,81.109.73.200,7/5/2017 4:15,7/5/2017 4:19,Unknown Browser,iPhone iOS 10.3.2,1,2,2,3,3,1,5,1,2,7,6,4,4,5,5,2,1,3,1,1,2,4,4,3,2,2,2,3,2,1,1,2,3,3,4,2,3,1,3,2,3,2,1,2,4,5,5,2,2,3,4,2
195,121.45.77.149,7/5/2017 16:33,7/5/2017 16:38,Chrome 59.0.3071.125,Android Linux 6.0.1,1,1,2,3,4,1,5,1,2,3,3,4,4,3,4,3,3,4,2,2,2,3,2,4,2,2,2,3,2,1,2,3,3,4,4,3,3,3,3,2,3,3,4,3,4,3,2,2,2,3,2,2
196,114.245.205.247,7/7/2017 0:59,7/7/2017 1:04,Unknown Browser,iPhone iOS 9.3.4,1,2,2,4,1,1,2,2,1,8,8,5,5,5,5,4,3,3,2,2,2,2,2,3,2,3,1,3,2,1,1,2,4,3,3,2,2,1,1,2,1,1,1,3,4,4,4,1,2,1,2,2
197,112.96.179.63,7/7/2017 23:50,7/7/2017 23:53,Unknown Browser,iPhone iOS 9.3.2,1,2,2,6,7,2,5,6,2,7,8,5,5,5,5,4,4,3,3,1,1,3,3,4,4,4,4,4,4,1,1,3,3,2,2,1,3,1,2,2,4,1,2,1,3,4,3,1,1,4,3,4
198,117.30.60.198,7/9/2017 11:01,7/9/2017 11:08,Unknown Browser,iPhone iOS 10.3.2,1,2,2,3,7,2,2,6,2,10,10,3,3,3,3,2,1,3,1,1,1,3,3,2,1,2,2,1,1,1,1,2,2,3,2,1,2,1,3,2,3,1,2,3,3,3,3,2,2,3,1,1
199,1.47.206.147,7/9/2017 13:55,7/9/2017 14:00,Unknown Browser,iPhone iOS 10.0,1,2,1,1,7,2,2,6,1,10,10,4,4,5,5,2,2,2,2,1,1,3,3,2,1,2,3,3,2,1,1,3,3,3,3,3,3,1,3,2,3,2,2,3,3,2,1,1,2,3,4,4
200,130.245.192.17,7/10/2017 10:11,7/10/2017 10:16,Unknown Browser,iPhone iOS 10.3.2,1,2,2,3,1,1,4,1,2,6,8,5,5,5,5,2,3,3,1,1,1,1,3,1,1,1,1,1,1,1,1,3,1,1,3,1,1,1,1,1,1,1,1,1,5,5,5,2,2,5,2,2
201,129.170.195.147,7/10/2017 10:14,7/10/2017 10:18,Chrome 52.0.2743.98,Android Linux 6.0,1,2,2,4,1,1,4,1,1,8,7,4,4,3,4,3,4,4,2,1,1,5,3,2,2,1,1,1,1,1,1,2,3,5,5,2,4,2,4,2,3,1,2,3,2,5,4,2,2,5,1,1
202,119.116.192.41,7/10/2017 10:15,7/10/2017 10:19,Unknown Browser,iPhone iOS 10.3.2,1,2,2,3,2,1,4,3,1,3,2,4,4,3,3,1,1,1,1,1,1,1,1,1,1,1,1,1,1,1,1,1,1,2,3,1,1,1,1,1,2,1,2,1,3,5,3,2,1,1,1,3
203,203.220.48.249,7/10/2017 10:13,7/10/2017 10:20,Unknown Browser,iPhone iOS 10.3.2,1,1,2,3,4,1,2,1,2,4,4,4,3,3,4,1,2,1,1,1,1,3,3,1,1,1,1,2,1,1,2,1,3,3,4,1,1,1,3,3,4,2,4,2,3,3,2,2,1,1,2,1
204,171.209.79.217,7/10/2017 10:19,7/10/2017 10:20,Unknown Browser,iPhone iOS 10.3.2,1,2,2,3,4,1,3,3,2,4,4,3,3,3,3,3,3,3,3,1,1,3,3,3,2,2,1,3,1,1,2,1,2,5,3,2,2,2,5,3,5,2,2,5,3,3,2,2,2,1,2,1
205,106.132.208.132,7/10/2017 10:14,7/10/2017 10:21,Unknown Browser,iPhone iOS 10.2,1,2,2,2,8,1,4,2,2,6,3,2,3,2,3,2,1,1,1,1,1,3,1,3,1,1,3,2,1,1,1,3,1,2,4,1,1,1,1,1,1,2,1,3,3,4,3,2,2,4,1,1
206,223.104.6.20,7/10/2017 10:34,7/10/2017 10:39,Unknown Browser,iPhone iOS 10.1.1,1,2,2,4,4,1,4,2,2,4,4,4,4,4,4,3,2,3,3,1,1,2,2,4,3,1,5,3,1,1,4,5,5,1,5,1,1,1,1,1,1,1,2,3,5,2,1,2,2,1,2,1
207,133.3.201.42,7/10/2017 10:37,7/10/2017 10:41,Unknown Browser,iPhone iOS 10.3.2,1,2,2,3,8,1,4,3,1,6,4,2,2,3,1,3,4,3,2,4,3,4,3,2,3,3,4,4,1,1,1,3,4,3,4,3,3,3,1,1,5,5,3,3,2,2,2,2,2,1,1,1
208,36.24.47.216,7/10/2017 10:38,7/10/2017 10:42,Unknown Browser,iPhone iOS 10.3.2,1,1,2,3,1,1,4,1,2,7,6,5,5,5,5,1,1,3,1,1,1,1,1,1,1,2,1,1,1,1,1,1,4,2,4,1,2,1,3,1,4,1,1,3,5,5,3,2,2,5,1,1
209,218.197.142.138,7/10/2017 10:52,7/10/2017 10:55,Unknown Browser,iPhone iOS 10.3.2,1,1,2,2,1,1,2,3,1,6,7,4,4,3,3,3,4,3,3,2,2,3,1,4,2,1,2,1,1,1,1,1,1,4,3,2,1,2,3,3,3,2,3,3,3,2,3,1,1,2,3,3
210,211.97.128.236,7/10/2017 11:01,7/10/2017 11:08,Unknown Browser,iPhone iOS 10.3.2,1,1,2,4,4,1,1,1,2,4,3,2,2,2,2,1,1,1,1,1,1,4,4,3,2,1,3,5,1,1,2,4,3,4,5,3,4,1,3,3,5,2,4,4,3,3,2,2,1,2,3,2
211,218.77.93.182,7/10/2017 11:05,7/10/2017 11:11,Unknown Browser,iPhone iOS 10.2.1,1,1,2,4,4,1,5,3,1,10,10,3,4,4,4,1,1,2,1,1,1,1,1,1,1,1,1,3,1,1,2,2,3,2,3,1,1,1,3,1,3,3,2,3,4,3,2,2,1,1,3,1
212,120.22.130.233,7/10/2017 11:07,7/10/2017 11:11,Chrome 59.0.3071.125,Android Linux 7.0,1,2,2,4,4,1,4,4,2,4,4,4,4,3,5,1,2,3,2,2,1,1,3,1,1,1,1,1,1,1,1,1,3,2,1,1,1,1,1,1,1,1,1,5,3,3,3,2,2,3,2,3
213,120.21.49.251,7/10/2017 11:48,7/10/2017 11:51,Unknown Browser,iPhone iOS 10.2,1,1,2,4,4,1,1,1,2,5,3,3,3,2,3,3,3,3,3,1,2,3,3,3,3,3,3,3,3,3,3,3,3,3,3,3,3,3,4,2,1,1,1,1,5,2,1,2,1,2,3,2
214,223.104.9.212,7/10/2017 11:49,7/10/2017 11:54,Unknown Browser,iPhone iOS 10.2,1,2,2,5,3,1,4,4,2,5,3,3,3,4,4,4,3,4,2,1,2,4,4,2,2,1,3,4,1,1,3,4,3,4,4,3,4,1,4,2,3,1,1,3,5,2,2,2,1,3,2,2
215,27.17.174.189,7/10/2017 11:52,7/10/2017 11:56,Unknown Browser,iPhone iOS 10.3.2,1,2,2,4,3,1,4,2,1,6,5,4,4,5,4,2,2,1,1,1,1,2,2,1,1,1,3,3,1,1,1,1,2,3,4,1,1,1,3,1,4,2,3,3,4,3,3,2,2,2,1,1
216,59.172.59.67,7/10/2017 11:52,7/10/2017 11:58,Unknown Browser,iPhone iOS 10.3.2,1,2,2,3,1,1,4,6,1,5,5,4,4,5,5,1,1,1,1,1,1,1,1,1,1,1,1,1,1,1,1,1,3,3,3,1,1,1,2,1,2,1,1,3,4,5,5,2,2,4,1,1
217,27.17.171.104,7/10/2017 12:25,7/10/2017 12:29,Unknown Browser,iPhone iOS 10.3.2,1,1,2,5,2,1,4,1,1,4,3,3,3,3,3,2,2,2,1,1,1,2,2,1,1,1,1,3,1,1,1,1,1,2,3,3,3,3,1,1,2,3,3,2,4,2,3,2,1,1,1,1
218,27.17.53.178,7/10/2017 12:27,7/10/2017 12:34,Unknown Browser,iPhone iOS 10.3.2,1,1,2,3,4,2,1,3,2,1,11,2,2,2,2,2,1,1,1,1,1,2,3,4,2,3,2,3,2,1,1,2,3,4,4,2,3,1,2,3,1,1,3,4,4,1,1,2,2,2,2,1
219,59.175.50.185,7/10/2017 13:52,7/10/2017 13:59,Unknown Browser,iPhone iOS 10.3.2,1,2,2,2,2,2,3,3,2,4,4,3,3,3,2,1,1,3,1,1,1,4,3,4,4,3,3,3,1,1,1,3,4,3,3,3,3,1,2,3,3,2,3,4,3,1,1,2,2,2,1,1
220,76.191.17.183,7/10/2017 20:38,7/10/2017 20:42,Unknown Browser,iPhone iOS 10.3.1,1,2,2,4,1,1,5,1,1,7,7,4,4,3,4,3,3,4,2,1,1,2,3,2,2,3,1,2,1,1,2,1,3,2,3,1,2,1,2,1,3,2,2,3,4,4,4,2,1,2,3,1
221,85.171.42.91,7/10/2017 22:52,7/10/2017 22:57,Unknown Browser,iPhone iOS 10.3.2,1,2,2,3,7,1,6,3,2,10,10,5,5,4,5,1,3,4,1,1,1,1,1,1,1,1,1,1,1,1,1,1,1,1,1,1,1,1,1,1,1,1,2,1,5,5,5,1,1,4,2,4
222,114.251.216.154,7/12/2017 8:04,7/12/2017 8:09,Unknown Browser,iPhone iOS 10.1.1,1,2,2,4,1,1,2,2,2,5,5,4,4,4,4,1,1,1,1,1,1,1,1,1,1,1,1,1,1,1,1,1,1,5,5,3,3,3,4,2,5,2,1,3,3,3,3,2,1,4,3,3
223,136.152.142.94,7/12/2017 8:04,7/12/2017 8:10,Chrome 59.0.3071.125,Android Linux 6.0.1,1,2,2,4,1,1,2,2,2,10,10,4,3,3,4,2,1,2,1,2,1,3,1,1,1,1,1,1,1,1,1,1,2,3,4,2,2,1,1,1,1,1,1,3,5,3,1,2,2,5,1,1
224,223.104.10.52,7/12/2017 8:13,7/12/2017 8:18,Unknown Browser,iPhone iOS 10.0.2,1,2,2,1,1,1,2,1,2,6,6,4,4,3,4,2,3,4,2,1,2,2,1,2,1,1,1,4,1,1,1,1,4,3,4,1,2,1,2,2,5,2,1,2,3,5,4,2,2,3,1,1
225,115.239.226.253,7/12/2017 8:16,7/12/2017 8:22,Unknown Browser,iPhone iOS 10.3.1,1,2,2,4,1,1,2,2,1,5,4,4,5,3,5,1,1,1,1,1,1,1,1,1,1,1,1,1,1,1,1,1,4,5,4,1,1,1,4,1,1,1,3,1,5,5,5,2,2,1,1,1
226,148.59.218.146,7/12/2017 8:55,7/12/2017 9:00,Unknown Browser,iPhone iOS 9.3.5,1,2,2,3,2,1,2,3,2,10,10,3,3,2,3,3,1,2,2,3,3,4,4,4,1,1,3,5,2,1,2,1,3,3,2,2,4,4,2,2,2,3,2,3,4,1,1,2,2,1,1,1
227,174.103.171.212,7/12/2017 8:56,7/12/2017 9:01,Unknown Browser,iPhone iOS 10.3.2,1,2,2,2,1,1,2,3,1,4,4,2,1,3,2,1,2,4,1,1,1,4,2,5,1,1,1,4,1,1,1,1,4,3,3,2,4,5,3,4,2,2,2,3,4,1,1,2,1,3,1,1
228,27.152.178.20,7/12/2017 9:01,7/12/2017 9:08,Unknown Browser,iPhone iOS 9.3.5,1,2,2,4,4,1,6,1,1,10,10,4,4,2,5,2,1,1,2,1,2,1,1,2,3,1,1,1,1,1,1,2,2,2,3,1,2,1,2,1,2,1,2,1,3,5,5,2,2,5,1,1
229,98.248.147.229,7/12/2017 9:07,7/12/2017 9:09,Unknown Browser,iPhone iOS 10.2,1,1,2,3,1,1,4,1,1,7,7,4,4,4,4,2,2,2,2,1,1,1,1,1,1,1,1,1,1,1,1,1,1,3,1,1,1,1,1,1,1,1,3,2,3,4,3,2,2,2,3,3
230,27.154.195.231,7/12/2017 9:08,7/12/2017 9:13,Unknown Browser,iPhone iOS 10.3.2,1,1,1,2,10,2,4,3,2,4,3,5,5,4,5,3,4,3,3,1,4,1,1,3,3,1,1,2,1,1,1,1,3,4,5,1,3,3,1,1,5,1,3,3,3,4,3,2,2,3,3,3
231,219.143.147.4,7/12/2017 9:10,7/12/2017 9:18,Chrome 53.0.2785.49,Android Linux 7.0,1,1,2,3,3,1,5,1,2,7,5,4,4,2,4,2,1,3,1,1,1,3,2,2,1,1,2,1,1,1,2,1,3,3,4,3,4,4,2,1,2,1,1,5,4,4,2,2,2,3,2,1
232,117.42.140.170,7/12/2017 9:30,7/12/2017 9:34,Unknown Browser,iPhone iOS 10.3.2,1,1,2,3,1,1,2,1,2,5,3,4,4,5,4,2,1,1,1,1,1,1,2,2,1,1,1,1,1,1,1,1,2,4,4,1,2,1,3,1,5,2,2,1,3,4,3,2,2,1,1,1
233,58.84.163.123,7/12/2017 9:28,7/12/2017 9:35,Unknown Browser,iPhone iOS 10.3.2,1,1,2,3,4,1,4,4,2,10,10,3,3,4,3,2,1,2,1,1,1,3,4,1,1,1,1,1,1,1,1,1,1,3,3,1,1,1,1,1,1,1,3,2,5,3,3,2,1,3,1,1
234,120.17.77.135,7/12/2017 9:36,7/12/2017 9:39,Unknown Browser,iPhone iOS 10.2,1,1,2,3,4,1,1,4,2,10,10,3,3,3,3,3,3,3,3,3,3,3,3,3,3,3,3,3,3,3,3,3,3,3,3,3,3,3,3,3,3,3,3,3,3,3,4,2,1,3,3,3
235,24.114.56.252,7/12/2017 9:38,7/12/2017 9:43,Unknown Browser,iPhone iOS 10.3.2,1,1,2,4,2,1,6,3,2,5,3,4,4,5,5,2,2,2,2,1,1,2,1,4,2,2,1,1,1,1,2,3,4,3,5,2,2,1,1,1,2,1,2,2,5,1,1,2,1,1,1,1
236,222.83.101.57,7/12/2017 10:13,7/12/2017 10:16,Unknown Browser,iPhone iOS 10.2.1,1,1,2,3,1,1,6,1,1,5,5,3,3,5,4,3,4,4,3,2,1,4,3,5,2,2,4,4,2,2,2,5,3,4,5,2,2,2,2,4,3,3,4,4,4,4,4,1,1,4,1,1
237,183.252.23.65,7/12/2017 10:12,7/12/2017 10:18,Unknown Browser,iPhone iOS 10.3.2,1,2,2,4,2,1,2,3,2,4,5,3,3,3,3,2,2,2,2,1,1,2,1,3,1,1,1,3,1,1,1,3,2,2,3,2,1,1,3,1,3,2,2,3,5,3,3,2,2,3,1,1
238,198.8.84.235,7/12/2017 10:14,7/12/2017 10:21,Unknown Browser,iPhone iOS 10.3.2,1,1,2,3,1,1,2,1,1,7,5,4,4,5,5,1,2,3,1,1,1,2,1,2,1,2,1,1,2,1,1,2,3,1,1,2,2,3,1,1,1,1,1,4,5,5,5,2,2,5,2,1
239,218.107.132.163,7/12/2017 10:17,7/12/2017 10:22,Chrome 59.0.3071.115,MacOS Macintosh X 10.10.5,1,2,2,3,1,1,2,3,1,6,5,4,4,5,4,3,3,5,2,2,3,3,1,1,2,4,2,5,1,1,2,1,5,3,5,2,2,1,2,3,5,1,3,5,1,2,2,2,2,3,1,1
240,199.119.233.169,7/12/2017 10:18,7/12/2017 10:25,Unknown Browser,iPhone iOS 10.3.2,1,1,2,3,2,1,2,1,2,5,3,3,3,3,3,1,1,2,1,1,1,2,1,1,1,1,1,1,1,1,1,1,1,2,2,1,1,1,1,1,1,1,1,1,3,2,2,2,2,3,1,1
241,117.157.208.74,7/12/2017 10:20,7/12/2017 10:26,Unknown Browser,iPhone iOS 10.2.1,1,2,2,3,2,2,3,3,2,4,4,3,3,1,1,3,3,1,1,1,1,1,1,1,1,1,1,1,1,1,2,1,1,4,4,4,5,4,2,3,5,2,2,4,1,2,2,2,2,1,1,1
242,58.23.9.93,7/12/2017 10:22,7/12/2017 10:29,Unknown Browser,iPhone iOS 9.1,1,2,2,4,2,1,2,3,1,4,10,4,4,3,4,2,3,2,1,1,1,2,1,2,1,1,1,1,1,1,1,1,3,3,3,2,2,1,2,3,1,2,3,4,5,4,4,2,2,4,2,2
243,174.92.79.127,7/12/2017 10:27,7/12/2017 10:32,Unknown Browser,iPhone iOS 10.3.2,1,2,2,3,2,1,2,1,2,5,4,3,3,1,3,2,2,2,1,1,1,3,2,4,2,1,1,1,1,1,1,1,3,5,5,2,3,3,1,1,1,1,1,3,3,3,2,2,2,1,1,1
244,137.111.13.126,7/12/2017 10:24,7/12/2017 10:34,Unknown Browser,iPhone iOS 10.3.2,1,1,2,3,4,1,5,1,2,10,10,3,3,3,4,2,1,1,1,1,1,3,5,4,2,2,1,2,1,1,1,3,3,3,4,1,1,1,4,1,4,3,3,4,4,4,3,2,2,3,2,1
245,175.159.126.237,7/12/2017 10:31,7/12/2017 10:35,Unknown Browser,iPhone iOS 10.3.2,1,1,2,2,8,1,2,1,2,6,4,4,3,2,4,1,2,2,1,1,1,4,4,1,1,1,1,1,1,1,1,2,3,2,2,2,4,1,1,1,2,1,2,2,4,4,4,2,2,1,3,1
246,42.52.60.157,7/12/2017 10:31,7/12/2017 10:38,Unknown Browser,iPhone iOS 10.2.1,1,2,2,5,8,2,6,1,1,4,5,3,4,3,4,2,3,4,2,1,1,2,3,3,3,2,2,2,1,1,1,1,1,1,1,1,1,1,1,1,1,1,1,1,5,5,5,2,2,5,2,3
247,115.44.133.56,7/12/2017 10:36,7/12/2017 10:40,Unknown Browser,iPhone iOS 10.0.1,1,1,2,4,3,1,2,2,1,6,4,4,4,3,5,1,2,1,1,1,1,1,1,1,1,1,1,1,1,1,1,1,1,1,2,1,1,1,1,1,3,1,1,1,3,5,4,2,2,4,1,3
248,61.158.149.242,7/12/2017 10:31,7/12/2017 10:43,Chrome 53.0.2785.49,Android Linux 7.0,1,1,1,4,2,2,6,1,2,3,4,3,3,3,4,2,1,2,2,1,1,5,3,4,1,1,1,5,1,1,1,2,5,4,5,1,4,1,1,1,1,2,3,1,5,2,1,2,2,3,2,1
249,117.44.190.111,7/12/2017 10:46,7/12/2017 10:51,Unknown Browser,iPhone iOS 10.3.2,1,2,2,3,2,1,2,3,2,4,2,3,3,3,3,1,1,1,1,1,1,1,1,4,1,1,1,1,1,1,1,1,1,4,5,2,2,1,1,1,2,2,2,2,4,3,3,2,2,1,1,1
250,103.77.192.74,7/12/2017 10:30,7/12/2017 10:53,Unknown Browser,iPhone iOS 10.2.1,1,2,2,3,2,1,2,3,2,4,4,4,3,3,3,3,3,3,3,1,2,3,2,2,3,2,2,2,2,1,2,2,3,4,4,3,3,2,3,3,3,3,3,4,3,2,3,2,2,2,1,1
251,75.102.137.21,7/12/2017 10:31,7/12/2017 10:59,Unknown Browser,iPhone iOS 10.3,1,1,2,2,1,1,2,1,2,4,5,3,3,3,2,1,1,2,1,1,1,2,1,1,1,1,1,3,1,1,1,1,3,4,5,2,3,1,1,1,2,2,2,3,2,2,2,2,2,3,1,1
252,115.60.52.101,7/12/2017 10:58,7/12/2017 11:02,Unknown Browser,iPhone iOS 10.2.1,1,1,2,5,1,2,2,1,1,4,3,2,3,4,4,2,1,1,1,1,1,1,1,1,1,1,1,1,1,1,1,1,1,3,3,1,1,1,1,2,1,1,2,3,4,2,1,2,2,2,1,1
253,221.192.179.115,7/12/2017 10:57,7/12/2017 11:04,Unknown Browser,iPhone iOS 9.3.4,1,2,2,4,2,1,2,3,1,4,3,4,3,3,4,3,2,3,2,1,1,3,1,3,1,1,3,1,1,1,2,3,3,3,4,2,3,1,2,1,1,3,2,4,5,3,4,2,2,3,3,2
254,117.136.79.39,7/12/2017 13:09,7/12/2017 13:14,Chrome 53.0.2785.49,Android Linux 6.0.1,1,1,1,4,1,1,2,1,1,6,5,4,5,4,4,4,5,5,3,1,1,5,2,5,3,3,5,4,1,1,1,3,5,2,3,1,1,3,4,3,5,3,5,4,3,5,5,2,2,1,5,5
255,101.16.206.231,7/12/2017 13:20,7/12/2017 13:24,Chrome 53.0.2785.49,Android Linux 5.0.1,1,1,2,3,4,1,5,1,1,4,3,3,3,2,4,3,2,4,2,1,2,4,3,4,1,1,2,4,1,1,1,1,4,3,4,2,2,2,5,3,4,5,5,3,1,2,2,2,2,2,1,1
256,95.34.151.204,7/12/2017 13:58,7/12/2017 14:04,Unknown Browser,iPhone iOS 10.3.2,1,1,1,3,10,1,6,1,1,6,6,5,5,5,5,1,1,3,1,1,1,3,3,1,1,1,1,1,1,1,1,1,2,3,3,2,3,1,1,1,1,1,1,1,1,5,3,1,1,3,2,3
257,59.77.43.52,7/12/2017 17:48,7/12/2017 17:51,Chrome 53.0.2785.49,Android Linux 5.1,1,2,2,4,7,1,2,3,2,10,10,3,3,3,4,3,2,3,2,1,2,3,2,4,3,1,2,3,2,1,1,3,3,4,5,3,3,3,3,3,2,1,3,4,4,3,2,2,2,3,2,1
258,27.253.71.84,7/12/2017 18:56,7/12/2017 19:03,Unknown Browser,iPhone iOS 10.2,1,2,2,4,4,1,3,1,2,5,3,5,5,5,5,2,2,3,2,1,1,3,1,1,3,1,1,1,1,1,1,3,1,3,5,1,2,1,1,1,1,2,2,4,5,5,5,2,2,5,1,2
259,193.52.24.13,7/12/2017 22:03,7/12/2017 22:07,Unknown Browser,iPhone iOS 10.2,1,2,2,3,1,1,4,4,1,5,7,5,5,4,5,4,3,2,1,1,3,1,1,2,1,1,1,1,1,1,1,1,1,1,1,1,1,1,1,1,3,1,3,2,3,5,5,2,2,4,1,1
260,121.12.126.145,7/13/2017 19:20,7/13/2017 19:26,Unknown Browser,iPhone iOS 10.2,1,2,2,4,1,2,2,3,2,5,5,3,3,2,2,3,2,1,2,1,2,4,3,4,2,1,1,1,2,1,3,4,5,4,4,3,4,2,4,3,5,2,1,4,2,2,2,2,2,4,1,1
261,116.52.116.103,7/13/2017 19:21,7/13/2017 19:26,Unknown Browser,IPad iOS 10.3.2,1,2,2,3,1,1,5,3,1,4,4,5,4,5,5,3,3,3,2,1,1,1,1,2,2,1,1,1,1,1,1,1,1,1,4,1,1,1,3,3,3,3,1,3,5,5,5,1,2,4,4,4
262,123.181.131.89,7/13/2017 19:21,7/13/2017 19:27,Chrome 53.0.2785.49,Android Linux 6.0.1,1,1,1,3,1,1,1,1,1,5,4,3,3,3,2,4,4,4,3,1,5,5,2,5,2,2,3,5,2,1,1,1,1,3,4,1,3,1,5,5,3,4,5,3,4,4,3,1,2,3,2,2
263,118.149.235.16,7/13/2017 19:24,7/13/2017 19:31,Chrome 58.0.3029.83,Android Linux 7.0,1,1,2,3,4,1,6,1,2,2,1,1,5,3,3,2,2,4,3,1,1,1,2,2,2,2,1,2,2,1,4,2,4,2,3,1,1,1,1,1,3,2,3,3,2,1,2,1,1,2,3,1
264,223.104.175.232,7/13/2017 19:42,7/13/2017 19:47,Unknown Browser,iPhone iOS 9.1,1,2,2,4,1,2,2,3,2,4,4,4,4,4,4,3,3,3,3,1,1,4,3,2,2,1,2,2,2,1,1,2,2,4,4,3,2,1,4,4,4,2,3,3,3,3,2,2,2,3,1,1
265,223.104.6.51,7/13/2017 19:55,7/13/2017 20:00,Unknown Browser,iPhone iOS 9.3.5,1,2,2,3,1,2,2,3,1,6,4,3,4,5,3,2,4,4,1,1,1,3,4,1,1,1,1,3,1,1,3,4,4,3,4,1,1,1,3,1,1,1,1,2,4,5,3,2,2,5,1,1
266,61.154.16.57,7/13/2017 19:57,7/13/2017 20:01,Unknown Browser,iPhone iOS 10.3.2,1,2,2,2,8,2,3,3,2,5,3,3,3,3,3,4,4,5,3,1,2,4,4,4,3,3,4,4,3,1,1,4,4,3,4,2,2,1,1,1,3,3,2,4,3,1,1,2,2,1,1,1
267,27.38.250.39,7/13/2017 20:11,7/13/2017 20:14,Unknown Browser,iPhone iOS 10.3.2,1,2,2,3,3,1,6,3,2,10,10,5,4,3,5,1,1,2,1,1,1,1,1,1,1,1,1,1,1,1,1,1,1,1,1,1,1,1,1,1,1,1,1,1,5,5,5,2,2,4,4,4
268,72.179.168.145,7/13/2017 20:18,7/13/2017 20:24,Chrome 59.0.3071.125,Android Linux 7.0,1,1,2,2,1,1,2,3,2,10,10,5,4,3,4,3,2,2,1,1,1,3,3,1,1,1,2,3,1,1,1,3,4,2,3,2,2,1,3,3,3,2,4,4,3,4,2,2,2,3,2,2
269,116.246.14.130,7/13/2017 20:04,7/13/2017 20:34,Unknown Browser,iPhone iOS 10.3.2,1,1,2,4,1,2,2,3,2,4,4,4,4,4,4,4,4,3,3,2,1,4,2,2,2,1,1,1,1,1,1,3,2,4,4,2,2,2,2,2,1,1,4,3,4,4,4,2,2,1,3,3
270,131.155.203.41,7/13/2017 20:17,7/13/2017 20:37,Safari 10.1.1,MacOS Macintosh X 10.12.5,1,2,2,3,7,1,2,1,2,4,3,2,4,3,3,1,2,3,2,1,2,2,2,1,1,2,1,2,1,1,1,1,3,1,3,1,1,1,2,2,5,2,3,2,1,5,5,2,2,3,5,3
271,147.143.140.116,7/13/2017 20:31,7/13/2017 20:38,Unknown Browser,iPhone iOS 10.3.2,1,2,2,2,3,1,4,4,2,2,2,2,3,2,3,4,4,3,3,4,4,5,1,3,4,4,5,4,2,1,2,3,5,3,3,2,2,2,1,5,5,5,1,5,1,1,1,2,2,1,3,1
272,72.179.162.227,7/13/2017 22:25,7/13/2017 22:29,Unknown Browser,iPhone iOS 10.3.2,1,1,2,3,1,1,5,1,2,5,5,4,4,3,4,3,3,4,4,2,1,3,3,4,3,3,4,3,2,1,1,4,2,3,4,2,4,1,3,4,4,3,4,4,4,2,3,1,1,2,3,1
273,27.152.178.25,7/14/2017 0:45,7/14/2017 0:49,Chrome 53.0.2785.49,Android Linux 7.1.2,1,1,2,3,1,1,2,1,2,6,5,3,2,2,4,3,3,3,3,1,3,4,3,3,4,2,2,4,1,1,3,5,4,2,2,4,4,3,5,2,3,2,2,3,3,3,2,2,2,2,1,1
274,138.246.2.171,7/14/2017 1:25,7/14/2017 1:29,Chrome 59.0.3071.125,Android Linux 6.0,1,2,2,3,7,1,2,3,2,10,10,3,4,1,2,3,3,2,2,1,1,3,2,3,3,1,2,4,2,1,3,3,4,3,3,2,2,1,3,2,1,1,2,3,3,2,2,2,2,2,1,1
275,58.213.108.26,7/14/2017 12:38,7/14/2017 12:41,Unknown Browser,iPhone iOS 10.2.1,1,2,1,3,3,2,2,3,2,6,4,3,3,3,3,3,3,3,2,3,3,3,3,3,3,3,3,3,3,3,3,3,3,3,3,4,3,3,4,3,3,3,3,3,5,5,4,2,2,3,3,3
276,27.151.187.3,7/14/2017 12:33,7/14/2017 12:43,Unknown Browser,iPhone iOS 10.2,1,2,1,3,3,1,2,4,2,2,3,3,4,1,4,1,1,1,1,1,1,3,3,3,1,1,1,1,1,1,1,3,1,4,5,2,2,1,3,2,3,1,3,3,4,5,5,1,2,4,3,4
277,73.110.45.132,7/14/2017 12:56,7/14/2017 13:00,Unknown Browser,iPhone iOS 10.3.2,1,2,2,3,1,1,5,1,2,7,7,3,3,3,3,3,3,4,2,1,2,4,3,5,3,4,4,3,2,1,1,3,1,5,5,3,4,3,4,3,4,3,3,3,2,2,1,2,2,1,1,1
278,223.104.6.49,7/14/2017 13:08,7/14/2017 13:10,Unknown Browser,iPhone iOS 10.3.2,1,2,2,1,7,1,1,1,1,7,2,2,2,4,4,4,4,4,4,4,4,4,4,3,4,3,4,3,4,3,3,4,5,4,2,3,2,2,3,2,3,3,3,3,3,2,3,2,1,2,2,2
279,120.21.227.156,7/14/2017 13:13,7/14/2017 13:20,Unknown Browser,iPhone iOS 10.2.1,1,2,2,4,4,1,1,7,2,3,3,3,3,2,2,2,4,3,1,1,2,4,3,2,2,2,4,4,1,1,1,1,4,3,3,2,3,1,3,2,3,1,1,2,2,3,3,2,2,4,1,1
280,211.97.131.172,7/14/2017 14:39,7/14/2017 14:44,Chrome 58.0.3029.83,Android Linux 6.0,1,1,2,2,7,2,2,2,2,5,5,4,3,4,4,2,2,4,1,1,2,3,1,1,1,1,1,2,1,1,1,3,3,3,3,3,5,1,1,1,5,3,2,3,2,2,2,2,2,3,2,3
281,140.243.49.34,7/14/2017 14:44,7/14/2017 14:46,Chrome 53.0.2785.49,Android Linux 6.0.1,1,1,1,2,1,1,2,4,1,11,4,4,3,3,3,5,5,4,3,4,5,1,1,3,4,4,4,1,1,1,4,4,1,4,3,3,4,4,3,1,1,1,1,1,1,1,1,1,2,2,1,2
282,223.104.6.53,7/14/2017 14:51,7/14/2017 14:56,Unknown Browser,iPhone iOS 10.3.2,1,1,1,2,10,2,1,2,2,6,5,4,3,2,3,3,2,2,2,3,3,2,2,2,3,2,2,3,1,1,1,2,3,2,2,1,2,1,1,1,2,2,1,2,2,3,2,2,1,3,2,3
283,188.29.165.246,7/14/2017 14:59,7/14/2017 15:00,Unknown Browser,iPhone iOS 10.3.2,1,1,2,3,3,1,4,1,2,7,4,3,3,3,4,3,3,2,2,1,1,2,3,4,3,2,4,4,1,1,2,2,4,2,2,1,3,1,2,1,2,1,2,2,4,3,3,2,1,4,3,1
284,117.178.4.248,7/14/2017 15:52,7/14/2017 15:57,Chrome 53.0.2785.49,Android Linux 6.0.1,1,2,2,3,7,2,2,6,2,10,10,3,3,5,3,1,1,1,1,2,1,1,1,1,1,1,1,1,1,1,1,3,5,4,5,3,1,3,1,1,3,5,2,1,5,3,3,2,2,1,1,1
285,176.160.198.2,7/14/2017 15:59,7/14/2017 16:06,Unknown Browser,iPhone iOS 10.0.2,1,2,1,3,7,1,5,6,2,4,5,4,4,3,4,1,2,3,1,1,1,3,2,1,2,2,3,4,2,1,2,3,2,3,3,1,2,1,2,2,2,2,2,4,3,4,3,1,2,2,4,3
286,117.136.70.35,7/14/2017 16:04,7/14/2017 16:07,Unknown Browser,iPhone iOS 10.2.1,1,2,2,4,7,2,6,6,1,10,10,3,3,2,4,2,2,3,2,1,1,3,3,4,2,1,4,4,1,1,2,3,2,3,4,2,4,1,1,1,1,2,2,2,3,3,4,2,2,1,2,3
287,218.66.154.46,7/14/2017 16:04,7/14/2017 16:11,Chrome 53.0.2785.49,Android Linux 7.1.1,1,2,2,2,10,2,1,4,2,4,4,4,4,4,3,5,5,5,5,1,3,5,4,5,3,3,5,5,2,1,2,3,3,5,5,3,3,2,5,5,5,4,4,4,3,4,4,1,1,3,1,2
288,122.192.15.16,7/14/2017 16:10,7/14/2017 16:16,Unknown Browser,iPhone iOS 10.3.2,1,2,2,3,7,2,4,6,2,7,8,5,4,3,4,2,2,1,1,1,1,3,3,3,2,1,4,4,2,1,3,3,2,2,2,2,1,1,4,4,1,1,1,4,5,5,3,2,2,2,3,4
289,175.152.32.20,7/14/2017 16:14,7/14/2017 16:21,Chrome 53.0.2785.49,Android Linux 7.0,1,2,2,3,7,2,6,6,2,10,10,3,3,3,3,3,4,3,2,1,1,3,2,3,2,3,1,4,1,1,2,4,5,4,4,1,2,1,3,2,3,2,1,3,4,3,2,2,1,1,1,1
290,221.220.231.138,7/14/2017 16:22,7/14/2017 16:27,Unknown Browser,iPhone iOS 10.3.2,1,1,2,3,7,1,5,6,1,5,3,4,4,4,4,3,2,3,3,1,1,3,3,3,2,3,3,1,2,1,2,3,3,3,4,1,3,1,4,1,1,1,2,4,5,4,4,2,1,1,3,2
291,223.104.3.153,7/14/2017 16:31,7/14/2017 16:36,Chrome 53.0.2785.49,Android Linux 6.0,1,2,2,3,7,2,5,6,2,10,10,3,3,3,2,4,3,3,4,2,2,3,5,3,2,3,3,5,2,2,3,2,5,3,3,3,3,1,5,5,1,2,1,2,5,1,1,2,1,1,1,1
292,110.179.42.102,7/14/2017 16:26,7/14/2017 16:39,Chrome 39.0.2171.95,Windows Wechat QBCore/3.43.556.400 QQBrowser/9.0.2524.400,1,2,1,1,7,2,5,6,1,10,10,3,3,4,3,3,1,4,2,1,3,2,3,2,1,1,3,2,1,1,1,1,1,4,4,2,2,1,3,4,1,1,2,2,5,3,3,2,2,1,3,2
293,112.24.62.252,7/14/2017 16:39,7/14/2017 16:45,Chrome 53.0.2785.49,Android Linux 6.0.1,1,1,2,3,7,1,5,6,2,5,3,2,3,1,1,2,2,2,1,1,1,4,4,1,1,1,1,1,1,1,1,2,4,4,4,2,2,1,4,1,2,1,1,4,4,3,2,2,2,1,1,1
294,183.253.147.84,7/14/2017 16:54,7/14/2017 17:04,Chrome 53.0.2785.49,Android Linux 6.0.1,1,1,2,4,2,1,1,3,2,5,3,4,3,5,5,1,3,3,2,1,3,1,1,3,3,1,2,1,1,1,1,1,3,5,5,1,3,1,1,3,3,2,1,5,4,5,4,2,2,5,5,3
295,62.35.110.224,7/14/2017 17:59,7/14/2017 18:05,Chrome 40.2214.121,Android Linux 5.1,1,2,1,1,7,1,3,6,2,10,10,2,1,2,1,1,1,1,1,1,1,3,3,3,1,1,3,3,1,1,1,3,3,4,3,1,2,1,4,3,2,1,3,3,4,3,2,2,2,1,1,1
296,182.232.64.49,7/14/2017 20:25,7/14/2017 20:34,Unknown Browser,iPhone iOS 10.3.2,1,2,2,3,4,1,6,7,1,8,9,5,5,5,5,4,3,4,3,3,4,2,2,2,3,2,3,3,2,1,1,1,1,1,2,1,2,1,1,1,1,1,2,2,5,5,4,1,1,3,1,5
297,223.255.20.174,7/14/2017 21:31,7/14/2017 21:39,Unknown Browser,iPhone iOS 10.3.2,1,2,1,4,4,2,6,3,2,3,3,5,5,5,4,1,2,1,2,1,2,2,1,2,1,1,1,2,1,1,1,2,2,1,2,1,3,2,1,1,1,1,2,1,5,5,5,1,1,5,1,1
298,31.35.71.40,7/14/2017 22:00,7/14/2017 22:04,Chrome 59.0.3071.125,Android Linux 7.1.2,1,1,2,3,7,1,5,6,2,10,10,2,1,1,1,1,2,3,1,1,1,4,5,3,2,2,3,5,1,1,1,1,4,3,3,2,1,1,5,3,3,2,2,3,5,2,1,2,2,1,1,1
299,120.41.149.161,7/14/2017 21:45,7/14/2017 22:09,Unknown Browser,iPhone iOS 10.2.1,1,2,2,3,4,2,3,6,2,4,5,4,4,4,3,3,2,2,2,1,1,2,2,1,2,2,4,4,1,1,2,2,2,2,3,2,2,1,1,2,2,1,1,2,4,4,3,2,2,3,2,1
300,182.148.59.226,7/14/2017 22:22,7/14/2017 22:33,Unknown Browser,iPhone iOS 10.3.2,1,2,2,3,4,2,6,3,2,5,5,4,4,3,4,5,4,4,4,1,1,3,3,5,2,1,1,3,2,1,4,4,3,3,3,1,1,1,1,1,3,1,3,4,4,4,3,2,1,4,1,1
301,125.77.137.93,7/14/2017 22:44,7/14/2017 22:54,Unknown Browser,iPhone iOS 10.3.2,1,2,2,3,3,2,2,2,2,5,3,3,3,3,4,1,2,1,1,1,1,4,3,1,1,1,1,1,1,1,1,2,3,4,3,2,3,1,1,1,4,2,1,3,4,2,1,2,2,3,5,3
302,162.206.73.32,7/14/2017 23:38,7/14/2017 23:45,Unknown Browser,iPhone iOS 9.3.5,1,2,1,4,1,1,6,3,1,4,4,3,4,3,4,2,2,3,3,1,1,1,1,1,2,2,1,1,2,1,1,2,1,1,2,2,2,1,1,1,1,1,3,4,5,5,3,1,2,5,2,1
303,121.33.222.60,7/15/2017 0:09,7/15/2017 0:13,Unknown Browser,iPhone iOS 10.3.2,1,2,2,3,3,1,4,1,1,6,6,4,5,4,4,2,3,5,2,3,3,3,1,1,2,1,1,1,3,1,1,1,1,2,1,1,3,1,1,2,1,1,1,2,4,5,5,1,2,1,2,3
304,80.215.14.237,7/15/2017 2:21,7/15/2017 2:28,Chrome 30.0.0.0,Android Linux 4.4.2,1,2,2,3,7,1,3,6,2,2,3,3,3,3,2,1,1,3,1,1,1,2,4,3,1,1,1,2,1,1,1,3,2,3,3,1,1,1,4,4,1,1,1,3,4,2,1,2,2,3,3,2
305,117.30.61.213,7/15/2017 11:18,7/15/2017 11:24,Unknown Browser,iPhone iOS 10.1.1,1,2,2,4,4,2,6,3,2,6,5,5,3,5,5,3,1,3,1,1,1,3,1,1,3,3,1,1,1,1,5,3,3,3,3,1,3,1,1,1,1,1,3,3,5,5,5,2,2,5,1,1
306,61.154.202.146,7/16/2017 0:17,7/16/2017 0:22,Unknown Browser,iPhone iOS 10.2.1,1,2,2,3,4,2,5,3,2,2,2,4,4,3,4,3,3,2,3,1,1,3,3,3,1,1,5,5,2,1,1,3,4,4,4,3,2,2,4,2,2,3,4,2,4,3,3,2,1,1,1,1
307,185.29.166.109,7/16/2017 9:46,7/16/2017 9:52,Chrome 37.0.2000.0,Windows 7,1,1,2,3,7,2,2,6,1,8,8,4,4,3,4,1,1,1,1,1,1,2,1,1,1,1,2,1,2,1,1,2,1,3,4,1,1,1,2,1,2,2,2,2,2,2,2,2,2,1,2,2
308,117.28.251.180,7/16/2017 16:19,7/16/2017 16:26,Unknown Browser,iPhone iOS 7.0.4,1,2,2,3,1,2,6,2,2,5,5,4,4,5,5,2,3,3,2,1,1,5,5,1,4,5,3,5,2,2,1,3,5,3,3,5,5,4,5,2,5,5,5,5,5,1,1,1,2,3,2,2
309,59.77.42.95,7/17/2017 6:41,7/17/2017 6:46,Chrome 45.0.2454.95,Android Linux 5.1.1,1,2,2,3,7,1,2,6,2,10,10,4,3,3,4,1,1,2,1,1,2,4,4,2,1,1,1,1,1,1,1,4,3,2,2,1,1,1,3,2,3,2,3,4,4,5,4,2,2,3,2,2
310,223.88.118.25,7/17/2017 23:07,7/17/2017 23:11,Unknown Browser,iPhone iOS 10.3.2,1,2,1,4,7,1,1,2,2,10,10,3,3,3,3,3,1,2,1,1,1,3,5,3,2,1,2,2,2,1,2,2,2,5,5,2,3,2,4,4,5,3,3,3,2,2,2,2,2,2,2,2
311,112.5.204.14,7/17/2017 23:09,7/17/2017 23:13,Chrome 55.0.2883.91,Android Linux 6.0,1,2,1,2,3,2,1,6,1,4,3,3,3,3,3,4,4,3,3,1,3,4,4,4,4,4,5,4,3,3,4,5,5,5,5,5,4,3,3,3,3,3,4,4,3,3,2,2,2,2,5,1
312,14.100.142.15,7/17/2017 23:07,7/17/2017 23:14,Unknown Browser,iPhone iOS 10.3.2,1,1,2,4,8,1,1,1,2,10,10,4,4,4,3,1,1,3,1,1,1,3,3,4,3,2,3,3,1,1,1,2,2,2,3,3,3,2,1,2,3,3,3,4,4,4,3,2,2,2,2,2
313,211.46.61.224,7/17/2017 23:13,7/17/2017 23:17,Unknown Browser,iPhone iOS 10.2,1,2,2,3,8,1,4,1,2,10,10,3,3,3,2,5,4,3,1,1,1,3,3,2,2,1,1,1,1,1,1,1,3,3,3,4,4,1,1,1,1,3,2,5,3,1,1,2,1,3,3,1
314,182.34.70.78,7/17/2017 23:16,7/17/2017 23:19,Unknown Browser,iPhone iOS 11.0,1,1,1,2,8,1,2,2,2,5,3,2,2,1,3,3,4,3,2,1,1,3,4,1,1,1,1,1,1,1,1,1,5,2,2,1,3,2,1,1,1,3,5,4,3,1,1,2,1,5,2,1
315,182.158.75.92,7/17/2017 23:15,7/17/2017 23:20,Unknown Browser,iPhone iOS 10.2.1,1,2,2,2,8,1,1,2,2,4,2,3,3,2,3,3,2,1,1,1,1,1,1,2,1,1,1,3,1,1,1,4,4,3,5,3,4,1,1,1,4,1,3,1,1,1,1,2,2,3,1,1
316,110.90.79.164,7/17/2017 23:15,7/17/2017 23:23,Unknown Browser,iPhone iOS 10.2.1,1,2,1,4,4,1,3,3,2,3,2,3,3,2,2,3,3,3,2,2,2,3,2,2,2,2,2,4,2,1,1,2,5,3,4,3,3,2,4,3,2,2,3,5,3,2,1,2,2,3,1,1
317,110.83.77.210,7/17/2017 23:14,7/17/2017 23:31,Unknown Browser,iPhone iOS 10.3.2,1,2,2,3,3,2,2,6,2,5,4,5,5,5,5,1,1,2,2,1,1,1,1,3,1,1,1,1,1,1,1,3,1,3,3,1,3,1,3,3,5,3,2,2,3,3,3,2,2,3,3,3
318,112.5.203.255,7/18/2017 0:07,7/18/2017 0:12,Unknown Browser,IPad iOS 10.0.2,1,2,2,3,1,2,1,2,2,5,5,3,3,3,4,2,1,1,3,2,1,4,3,2,2,2,1,2,3,1,4,4,2,4,4,3,3,1,5,1,5,2,2,3,3,3,3,1,1,2,2,3
319,111.23.149.114,7/18/2017 0:18,7/18/2017 0:24,Chrome 53.0.2785.49,Android Linux 7.0,1,2,1,4,3,1,4,4,2,5,5,5,5,5,5,4,1,3,3,1,1,4,3,4,2,3,4,4,1,1,2,4,3,4,4,1,3,1,3,5,5,3,3,5,5,4,2,1,1,4,3,3
320,223.104.6.17,7/18/2017 0:29,7/18/2017 0:35,Unknown Browser,iPhone iOS 10.3.2,1,1,2,3,1,1,5,3,2,3,10,3,3,3,5,3,2,3,1,1,1,2,2,2,1,3,3,4,1,1,3,2,3,5,5,3,1,1,3,2,3,2,3,4,4,3,2,2,2,1,2,1
321,203.106.6.117,7/18/2017 0:43,7/18/2017 0:51,Unknown Browser,iPhone iOS 10.3.2,1,2,2,3,10,1,2,6,2,10,10,3,3,3,3,1,2,3,1,1,1,1,1,2,1,1,1,1,1,1,1,2,1,3,4,1,1,1,3,2,3,1,3,4,4,5,5,2,2,5,2,2
322,140.207.223.148,7/18/2017 3:27,7/18/2017 3:31,Chrome 53.0.2785.49,Android Linux 4.4.4,1,1,1,4,1,1,3,7,2,10,10,2,3,2,4,3,3,4,3,2,2,3,4,3,3,3,3,2,2,2,1,2,2,3,3,2,2,2,3,3,4,4,3,4,3,3,1,2,2,3,3,1
323,72.44.103.84,7/18/2017 3:26,7/18/2017 3:33,Unknown Browser,iPhone iOS 10.3.2,1,1,2,3,1,1,4,1,1,4,3,1,2,3,3,4,4,4,3,1,1,5,3,5,3,3,2,4,3,2,3,4,5,5,5,3,2,2,5,2,5,4,5,5,3,1,1,2,1,4,2,1
324,218.214.100.159,7/18/2017 7:27,7/18/2017 7:32,Unknown Browser,iPhone iOS 10.3.2,1,1,2,4,4,1,4,1,1,5,4,2,3,1,3,2,1,2,1,1,1,2,2,1,2,1,1,2,1,1,1,1,1,2,3,1,1,1,1,1,2,1,1,3,4,3,3,2,2,3,2,1
325,128.97.122.218,7/18/2017 8:16,7/18/2017 8:26,Chrome 42.0.2311.138,Android Linux 5.1.1,1,2,2,3,1,1,1,4,1,5,2,3,3,4,3,1,1,1,1,1,1,3,1,1,1,1,1,1,1,1,1,1,3,4,5,2,3,1,3,3,4,2,1,2,3,1,1,2,2,1,1,1
326,223.104.3.195,7/18/2017 8:30,7/18/2017 8:40,Chrome 53.0.2785.49,Android Linux 6.0.1,1,2,2,4,1,2,1,3,1,4,3,3,3,5,3,2,2,3,2,3,1,1,1,5,3,1,2,4,1,1,1,2,1,5,5,5,5,2,5,5,3,3,3,2,1,2,1,2,2,1,1,1
327,219.126.118.85,7/18/2017 19:00,7/18/2017 19:07,Unknown Browser,iPhone iOS 10.3.2,1,1,2,3,8,2,2,6,1,10,10,3,3,4,4,2,1,2,1,1,1,3,3,2,2,1,3,1,1,1,1,3,2,3,4,1,2,1,1,2,2,2,2,3,4,5,3,2,2,1,3,3
328,106.154.79.21,7/18/2017 19:08,7/18/2017 19:16,Unknown Browser,iPhone iOS 10.2,1,2,2,3,8,1,5,7,1,10,10,2,3,3,2,2,1,1,1,1,1,3,3,1,1,1,4,4,1,1,1,2,5,3,2,2,2,2,1,1,1,2,2,3,2,1,1,2,2,2,1,1
329,153.158.207.223,7/18/2017 19:16,7/18/2017 19:23,Unknown Browser,iPhone iOS 10.3.2,1,1,2,4,8,1,3,4,2,2,10,3,4,5,5,1,2,4,1,1,1,2,1,1,1,1,1,1,1,1,1,1,1,5,5,1,2,1,1,1,1,2,2,5,5,1,1,1,2,3,1,1
330,27.154.189.51,7/18/2017 19:19,7/18/2017 19:25,Unknown Browser,iPhone iOS 10.3.2,1,2,2,2,3,2,1,6,2,5,4,4,3,2,3,2,2,1,1,1,1,2,2,1,2,3,1,2,1,1,1,2,3,3,4,1,2,1,1,1,2,1,2,2,4,4,2,2,2,3,3,3
331,221.192.179.32,7/18/2017 19:23,7/18/2017 19:30,Unknown Browser,iPhone iOS 10.3.2,1,2,2,4,3,2,4,2,1,7,5,3,3,4,2,2,2,4,3,2,3,2,1,2,2,3,2,2,3,1,1,2,4,3,4,2,3,3,3,2,2,2,1,5,5,4,3,2,1,2,3,2
332,82.45.248.199,7/18/2017 19:30,7/18/2017 19:37,Unknown Browser,iPhone iOS 10.3.2,1,2,2,3,3,1,2,2,2,5,4,5,4,3,4,2,2,1,1,1,1,2,4,1,1,1,1,1,1,1,3,3,2,4,5,3,4,2,4,3,5,3,3,3,3,3,2,2,2,1,1,1
333,106.122.202.19,7/18/2017 19:34,7/18/2017 19:38,Chrome 53.0.2785.49,Android Linux 7.1.1,1,1,2,2,8,2,2,6,2,10,10,4,3,5,4,2,1,4,2,2,1,4,3,2,2,3,4,4,1,1,2,2,5,3,5,3,5,3,1,1,3,2,1,4,4,2,1,2,2,4,4,2
334,162.105.185.15,7/18/2017 19:50,7/18/2017 19:55,Unknown Browser,iPhone iOS 10.3.2,1,2,2,3,4,2,1,4,1,6,5,4,4,3,3,2,2,1,1,1,1,2,1,1,1,1,1,1,1,1,1,1,1,2,2,1,2,1,1,1,1,1,1,1,3,3,3,2,2,2,2,3
335,106.119.44.210,7/18/2017 19:55,7/18/2017 20:02,Unknown Browser,iPhone iOS 9.3.5,1,2,2,3,4,2,1,6,2,6,4,4,4,3,4,2,1,1,1,1,1,3,1,1,1,1,1,1,1,1,1,1,3,1,1,1,1,1,1,1,2,1,2,1,5,3,3,2,2,3,3,3
336,180.131.113.194,7/18/2017 20:57,7/18/2017 21:02,Unknown Browser,iPhone iOS 10.3.2,1,1,2,3,8,1,5,2,1,10,10,4,3,3,4,2,2,2,1,1,1,4,5,1,2,1,4,5,1,1,1,1,4,3,3,3,3,1,2,2,5,3,3,4,2,2,1,1,1,1,5,2
337,223.136.168.1,7/18/2017 21:28,7/18/2017 21:36,Unknown Browser,iPhone iOS 10.3.2,1,2,2,4,8,1,1,3,1,10,10,4,4,5,4,3,3,2,2,1,1,1,3,1,1,1,1,1,1,1,1,1,1,3,2,1,3,3,1,1,2,1,2,2,4,3,3,2,2,4,3,4
338,223.104.6.60,7/18/2017 22:01,7/18/2017 22:06,Unknown Browser,iPhone iOS 9.3.2,1,2,2,3,3,2,6,3,2,5,6,5,4,5,3,4,4,2,2,1,1,2,2,1,2,1,1,1,2,1,2,3,4,3,4,2,2,1,1,1,2,1,2,2,5,5,4,2,2,3,3,2
339,223.104.6.8,7/18/2017 22:17,7/18/2017 22:22,Unknown Browser,iPhone iOS 10.2.1,1,1,2,3,4,2,2,3,2,1,2,3,5,3,5,1,1,3,1,1,1,2,2,3,1,3,1,2,1,1,1,3,1,3,3,3,3,3,2,1,1,1,3,3,5,5,3,1,2,3,3,3
340,211.97.130.176,7/18/2017 22:35,7/18/2017 22:43,Unknown Browser,iPhone iOS 9.3.2,1,1,2,5,1,1,1,7,1,5,7,5,5,3,5,3,4,1,2,1,1,2,3,3,2,1,1,3,3,1,1,5,3,5,5,2,1,1,2,1,5,2,4,2,1,5,2,2,2,5,1,1
341,106.133.49.99,7/18/2017 22:38,7/18/2017 22:48,Unknown Browser,iPhone iOS 10.2,1,1,1,3,8,1,5,2,2,11,11,1,3,3,3,3,3,1,3,1,1,3,1,1,3,3,5,5,1,1,1,3,3,3,3,1,3,1,1,1,3,1,3,5,3,3,3,2,1,1,3,1
342,58.16.228.46,7/18/2017 23:00,7/18/2017 23:06,Unknown Browser,iPhone iOS 10.3.2,1,1,1,3,8,2,5,3,2,10,10,3,3,4,4,3,1,1,2,1,1,2,3,5,3,1,4,3,2,1,1,3,4,3,4,2,4,1,1,1,2,2,2,4,5,5,5,1,1,3,3,3
343,75.55.252.84,7/18/2017 23:02,7/18/2017 23:07,Chrome 59.0.3071.125,Android Linux 6.0,1,2,2,3,1,1,2,4,2,6,6,5,4,5,4,2,1,3,1,1,1,3,1,1,1,1,1,1,1,1,1,3,1,1,5,1,1,1,1,1,1,1,1,1,5,5,5,1,2,3,2,4
344,106.37.36.9,7/18/2017 23:04,7/18/2017 23:11,Chrome 53.0.2785.49,Android Linux 5.0,1,2,2,2,3,2,1,4,2,4,3,4,3,5,4,2,2,2,1,1,1,1,1,2,2,1,1,1,1,1,1,2,3,1,1,1,1,1,2,3,1,1,1,3,5,3,3,2,2,3,1,1
345,99.23.193.146,7/18/2017 23:33,7/18/2017 23:40,Unknown Browser,iPhone iOS 10.2.1,1,2,2,3,1,1,4,6,2,7,7,4,4,3,4,3,2,2,2,1,1,2,3,3,1,1,1,1,1,1,1,3,3,4,5,2,2,1,3,2,2,2,2,2,4,3,3,2,1,3,1,1
346,120.17.231.177,7/18/2017 23:40,7/18/2017 23:46,Unknown Browser,iPhone iOS 10.3.2,1,1,2,4,4,1,6,3,2,2,2,3,3,3,4,1,1,2,1,1,1,1,2,5,1,1,3,3,1,1,1,1,4,3,3,1,1,1,3,2,2,2,3,3,3,1,1,1,1,3,1,1
347,128.62.43.160,7/18/2017 23:51,7/18/2017 23:57,Unknown Browser,iPhone iOS 10.3.2,1,2,2,4,1,1,6,7,1,5,5,5,4,4,4,3,2,5,1,1,1,3,5,5,1,1,1,1,1,1,1,2,3,3,4,1,2,1,2,1,1,1,1,1,5,2,1,2,1,4,1,1
348,64.189.110.83,7/18/2017 23:47,7/19/2017 0:00,Unknown Browser,iPhone iOS 10.3.2,1,2,2,4,1,1,5,3,2,6,5,5,5,3,4,1,1,3,1,1,1,1,1,1,1,1,1,2,1,1,1,1,1,2,2,1,1,1,3,1,1,1,1,2,4,5,5,1,2,4,1,3
349,223.104.212.25,7/19/2017 0:01,7/19/2017 0:05,Unknown Browser,iPhone iOS 10.2.1,1,2,2,4,1,2,4,4,2,6,6,4,3,2,3,3,2,3,3,2,2,3,2,2,3,2,3,3,2,1,2,1,3,3,5,1,2,1,3,1,1,1,1,3,3,2,3,2,2,2,1,1
350,219.155.205.85,7/19/2017 0:01,7/19/2017 0:09,Chrome 53.0.2785.49,Android Linux 5.0.1,1,2,2,2,1,1,5,2,2,8,8,5,5,3,5,2,1,4,2,1,2,3,3,4,2,3,2,2,2,1,1,3,1,4,5,2,2,3,2,2,3,2,2,2,4,5,5,1,2,3,1,4
351,104.10.251.119,7/19/2017 0:09,7/19/2017 0:20,Chrome 39.0.2171.95,Windows Wechat QBCore/3.43.556.400 QQBrowser/9.0.2524.400,1,2,2,4,1,1,4,3,2,7,5,3,3,2,3,3,3,2,3,2,2,3,3,3,2,3,2,3,2,1,2,3,2,3,2,2,2,1,3,3,1,2,2,2,4,3,2,2,2,3,3,3
352,120.21.50.96,7/19/2017 6:07,7/19/2017 6:17,Unknown Browser,iPhone iOS 10.3.2,1,1,1,3,4,1,2,6,2,3,3,4,4,3,5,2,2,4,2,3,2,3,1,4,1,1,2,4,2,1,1,1,3,2,4,2,4,2,2,2,3,1,1,4,5,1,1,1,2,4,1,1
353,49.199.68.190,7/19/2017 6:20,7/19/2017 6:26,Unknown Browser,iPhone iOS 10.3.2,1,2,2,4,4,1,2,2,2,3,4,4,4,4,4,4,3,1,1,1,1,5,5,5,1,1,5,5,1,1,1,1,3,5,5,4,3,4,3,1,3,2,3,5,5,1,1,2,2,1,1,1
354,49.199.234.161,7/19/2017 7:00,7/19/2017 7:05,Unknown Browser,iPhone iOS 10.3.1,1,1,2,4,4,1,3,4,1,3,2,3,2,3,4,2,2,1,1,1,1,1,1,1,1,1,1,1,1,1,1,1,1,2,1,1,1,1,1,1,3,2,3,1,5,2,1,2,2,1,1,1
355,120.21.28.96,7/19/2017 7:22,7/19/2017 7:30,Unknown Browser,iPhone iOS 8.3,1,2,2,4,4,1,2,3,2,5,4,3,2,2,4,2,2,3,2,1,3,3,2,3,3,1,1,2,1,1,2,4,3,3,3,2,2,3,4,3,2,3,4,3,3,2,1,2,2,3,1,1
356,120.21.124.137,7/19/2017 8:04,7/19/2017 8:09,Unknown Browser,iPhone iOS 10.3.2,1,1,1,1,4,1,2,1,1,2,2,3,4,2,4,2,2,1,1,1,1,2,1,5,1,1,2,3,1,1,1,1,3,2,3,1,1,1,3,1,3,1,2,4,4,1,1,2,2,2,1,1
357,175.17.228.178,7/19/2017 8:22,7/19/2017 8:26,Unknown Browser,iPhone iOS 10.3.2,1,2,2,3,4,1,4,3,2,5,5,4,4,3,4,2,5,4,3,2,3,5,5,3,2,2,2,4,2,1,2,3,4,4,4,4,4,3,2,2,5,3,4,2,3,2,2,2,2,2,1,1
358,31.205.119.193,7/19/2017 8:23,7/19/2017 8:30,Unknown Browser,iPhone iOS 10.3.2,1,2,1,4,3,1,2,4,2,3,3,3,3,4,3,2,1,2,1,1,1,2,2,2,2,1,1,1,1,1,1,2,3,5,5,4,4,1,3,2,5,4,2,5,1,3,2,2,2,2,1,1
359,203.28.240.7,7/19/2017 9:12,7/19/2017 9:17,Chrome 58.0.3029.83,Android Linux 7.0,1,2,2,2,4,1,2,7,2,2,2,2,3,3,3,3,1,1,2,1,1,2,1,2,1,1,1,1,1,1,3,3,2,2,2,2,3,3,2,2,4,2,2,4,2,1,1,2,2,3,4,1
360,60.220.60.139,7/19/2017 9:25,7/19/2017 9:28,Unknown Browser,iPhone iOS 10.3.2,1,1,2,3,3,2,5,2,2,5,4,3,4,4,4,3,4,3,3,4,3,3,3,3,3,3,3,3,3,3,3,3,3,3,3,3,3,3,3,3,3,3,3,3,3,3,3,2,2,3,3,3
361,120.21.213.165,7/19/2017 9:24,7/19/2017 9:30,Unknown Browser,iPhone iOS 10.1.1,1,2,2,3,4,1,2,1,1,4,3,3,3,1,3,1,1,1,1,1,1,3,5,1,1,1,1,1,1,1,1,1,5,5,5,1,1,1,3,1,2,1,2,1,3,1,1,2,2,2,1,1
362,117.28.103.115,7/19/2017 9:48,7/19/2017 9:52,Chrome 53.0.2785.49,Android Linux 4.4.2,1,1,2,4,10,2,5,3,1,6,6,4,4,3,4,2,2,2,2,2,1,2,1,1,1,1,1,1,1,1,1,1,1,3,4,1,3,2,3,2,5,2,3,4,5,5,3,2,2,5,2,2
363,121.88.48.42,7/19/2017 9:48,7/19/2017 9:52,Unknown Browser,iPhone iOS 10.3.2,1,2,2,2,8,1,1,7,1,2,10,3,3,3,3,1,1,1,1,1,1,1,1,1,1,1,1,1,1,1,1,1,1,1,1,1,1,1,1,1,1,1,1,1,4,1,1,2,2,1,1,1
364,120.148.232.63,7/19/2017 9:57,7/19/2017 10:04,Unknown Browser,iPhone iOS 10.3.2,1,2,2,3,4,1,2,4,2,2,2,4,3,3,4,1,1,1,1,1,4,1,1,3,1,1,1,3,1,1,1,2,2,3,5,1,2,1,2,1,3,2,4,4,4,5,3,2,1,3,1,1
365,121.88.48.42,7/19/2017 9:58,7/19/2017 10:07,Unknown Browser,iPhone iOS 10.1.1,1,2,1,3,8,1,1,7,2,2,2,3,3,3,3,3,4,2,2,2,2,2,2,4,2,2,1,3,1,1,1,2,1,5,5,2,2,1,5,2,3,2,2,4,4,4,3,2,2,1,1,1
366,117.131.134.57,7/19/2017 10:15,7/19/2017 10:29,Unknown Browser,iPhone iOS 10.0.1,1,2,2,2,4,1,3,2,1,3,3,2,3,4,2,2,2,2,2,1,1,3,2,2,2,2,2,2,1,1,1,2,2,3,3,2,2,1,2,2,1,2,3,2,4,1,1,2,2,3,1,2
367,203.28.240.7,7/19/2017 10:16,7/19/2017 10:29,Unknown Browser,iPhone iOS 10.3.2,1,2,2,3,4,1,3,4,2,2,3,3,3,2,2,3,3,3,3,1,1,5,4,3,1,2,3,3,2,1,1,2,4,5,5,4,3,1,2,2,3,2,2,5,2,1,1,2,2,2,2,1
368,112.5.207.13,7/19/2017 11:36,7/19/2017 11:43,Unknown Browser,iPhone iOS 10.0.1,1,2,2,3,3,1,2,7,1,2,3,3,3,2,4,3,1,1,1,1,2,4,3,3,1,1,1,3,1,1,1,2,2,5,5,1,2,3,4,4,5,5,5,3,1,2,3,2,2,2,1,1
369,110.83.75.35,7/19/2017 14:51,7/19/2017 14:53,Chrome 53.0.2785.49,Android Linux 6.0.1,1,1,2,4,3,2,3,2,1,4,4,3,3,3,3,4,4,4,4,1,1,3,2,3,2,1,3,3,2,1,1,4,3,3,3,1,2,1,4,4,2,3,3,3,2,5,5,2,1,5,3,3
370,58.16.28.26,7/19/2017 15:18,7/19/2017 15:22,Unknown Browser,iPhone iOS 10.1.1,1,2,2,4,10,2,6,3,2,3,4,4,4,5,5,4,1,1,1,1,1,2,1,1,1,1,1,1,1,1,1,1,2,3,3,3,2,2,1,1,3,1,4,1,5,2,2,2,1,2,3,2
371,58.16.28.26,7/19/2017 15:17,7/19/2017 15:42,Unknown Browser,iPhone iOS 10.3.2,1,2,2,3,8,2,5,2,2,10,10,3,3,3,3,3,3,3,3,3,3,3,3,3,3,3,3,3,3,3,3,3,3,3,3,3,3,3,3,3,3,3,3,3,3,3,3,1,2,3,3,3
372,1.204.16.182,7/19/2017 18:02,7/19/2017 18:10,Unknown Browser,iPhone iOS 10.3.1,1,2,2,4,8,2,5,3,2,10,10,2,2,3,2,1,2,3,1,1,1,3,2,2,2,1,3,2,2,1,1,3,2,5,5,3,3,2,3,3,2,2,2,3,4,4,3,2,2,3,4,2
373,221.223.182.181,7/21/2017 23:52,7/21/2017 23:57,Unknown Browser,iPhone iOS 10.3.2,1,1,2,3,1,2,6,2,2,7,5,5,5,4,5,3,2,4,2,1,1,4,1,2,1,1,1,1,1,1,1,1,1,3,4,1,1,1,2,1,1,1,3,4,4,5,4,2,1,5,2,4
374,112.5.203.135,7/29/2017 19:14,7/29/2017 19:17,Chrome 59.0.3071.125,Android Linux 6.0.1,1,1,1,4,1,2,2,1,2,3,2,2,2,1,3,4,3,3,4,2,2,4,4,3,3,2,4,5,3,2,2,4,5,4,4,2,3,2,3,3,5,4,5,4,3,2,2,2,2,2,3,2
375,121.34.52.51,7/30/2017 8:47,7/30/2017 8:52,Unknown Browser,iPhone iOS 8.2,1,2,2,3,8,2,2,6,1,10,10,2,2,1,2,3,2,1,1,1,1,4,4,3,1,1,1,4,1,1,1,3,4,3,5,3,4,1,1,1,1,3,1,4,2,1,1,2,2,1,1,1
377,223.104.45.103,8/6/2017 20:23,8/6/2017 20:30,Unknown Browser,iPhone iOS 10.3.3,1,1,2,5,8,2,2,7,1,4,4,4,4,3,4,3,2,2,1,1,1,4,4,4,2,1,2,3,1,1,1,1,3,3,4,1,1,1,1,1,1,1,3,3,5,3,2,2,2,1,1,1
378,211.97.131.144,8/6/2017 20:51,8/6/2017 20:58,Unknown Browser,iPhone iOS 10.3.3,1,2,2,3,3,2,2,3,1,6,6,5,4,5,5,2,1,4,3,1,1,2,1,4,1,1,3,4,1,2,1,3,5,3,3,2,5,1,1,3,5,2,2,1,3,3,3,2,2,3,3,2
379,223.104.6.14,8/6/2017 21:05,8/6/2017 21:06,Unknown Browser,iPhone iOS 10.3.2,1,2,2,4,3,2,5,3,2,5,5,4,4,4,4,3,3,3,2,1,1,2,2,2,2,1,2,3,1,1,2,1,1,2,1,1,1,1,1,1,3,1,1,3,4,5,4,2,2,1,4,4
380,211.97.131.173,8/6/2017 21:09,8/6/2017 21:14,Unknown Browser,iPhone iOS 10.3.3,1,1,2,5,3,2,3,3,1,6,6,3,3,3,4,2,2,3,1,1,1,3,2,1,1,1,2,2,1,1,1,2,2,2,3,2,1,2,1,1,3,2,3,3,4,4,4,2,2,3,4,4
381,27.154.73.40,8/6/2017 21:49,8/6/2017 21:52,Unknown Browser,iPhone iOS 10.3.2,1,2,2,3,3,2,5,3,2,3,4,5,5,4,4,2,2,4,2,1,1,2,2,2,2,2,2,2,1,1,1,1,3,3,4,2,2,2,2,2,2,2,2,2,3,3,3,2,1,2,2,2
382,223.104.6.27,8/6/2017 21:52,8/6/2017 21:59,Unknown Browser,iPhone iOS 10.1.1,1,1,1,4,3,2,3,1,2,4,4,3,3,3,3,2,2,3,2,2,1,2,2,3,2,1,1,4,2,1,1,2,2,1,2,2,2,2,2,2,3,3,3,5,5,5,3,2,1,3,5,3
383,27.152.178.5,8/6/2017 22:23,8/6/2017 22:27,Unknown Browser,iPhone iOS 10.3.2,1,1,2,2,8,2,2,3,2,4,3,5,4,3,4,3,3,3,3,2,2,3,3,3,3,3,3,3,2,1,1,2,2,3,3,3,2,2,1,1,2,2,3,3,2,2,1,2,2,1,1,1
384,27.154.74.101,8/6/2017 22:37,8/6/2017 22:44,Unknown Browser,iPhone iOS 8.1.2,1,2,2,4,3,2,3,1,2,4,4,3,3,3,3,1,1,1,1,1,1,3,2,1,1,1,1,1,1,1,1,1,1,3,3,1,1,1,3,1,4,1,2,2,3,2,2,2,2,2,1,1
